country,year,continent,gdi,hdi,hdi_f,hdi_m,health_index,health_index_f,health_index_m,income_index,income_index_f,income_index_m,educational_index,educational_index_f,educational_index_m,expected_years_schooling,expected_years_schooling_f,expected_years_schooling_m,mean_years_schooling,mean_years_schooling_f,mean_years_schooling_m,life_expectancy,life_expectancy_f,life_expectancy_m,gni_per_capita,gni_per_capita_f,gni_per_capita_m,log_gni_per_capita,log_gni_per_capita_f,log_gni_per_capita_m
Afghanistan,2000,Asia/Pacific,0.515,0.335,0.204,0.396,0.543,0.529,0.558,0.346,0.131,0.43,0.201,0.123,0.259,5.529,3.663,6.99,1.408,0.636,1.951,55.298,56.858,53.762,984.997,237.268,1726.031,6.893,5.469,7.454
Afghanistan,2001,Asia/Pacific,0.504,0.337,0.202,0.4,0.551,0.536,0.566,0.331,0.117,0.415,0.211,0.131,0.272,5.832,3.897,7.403,1.465,0.672,2.001,55.798,57.344,54.272,894.025,216.819,1564.229,6.796,5.379,7.355
Afghanistan,2002,Asia/Pacific,0.549,0.362,0.234,0.427,0.561,0.541,0.58,0.384,0.171,0.468,0.221,0.139,0.286,6.134,4.146,7.84,1.523,0.708,2.051,56.454,57.672,55.227,1267.629,310.019,2213.983,7.145,5.737,7.703
Afghanistan,2003,Asia/Pacific,0.563,0.376,0.249,0.441,0.575,0.556,0.593,0.399,0.187,0.483,0.231,0.147,0.301,6.437,4.411,8.303,1.58,0.744,2.102,57.345,58.65,56.032,1401.324,345.825,2442.948,7.245,5.846,7.801
Afghanistan,2004,Asia/Pacific,0.522,0.392,0.246,0.472,0.584,0.565,0.602,0.397,0.187,0.481,0.26,0.141,0.363,7.394,4.138,10.469,1.637,0.78,2.152,57.944,59.216,56.658,1384.696,344.983,2409.342,7.233,5.843,7.787
Afghanistan,2005,Asia/Pacific,0.541,0.4,0.258,0.477,0.59,0.572,0.608,0.402,0.194,0.486,0.269,0.155,0.367,7.66,4.593,10.56,1.695,0.815,2.203,58.361,59.697,57.013,1435.192,361.261,2492.273,7.269,5.89,7.821
Afghanistan,2006,Asia/Pacific,0.56,0.409,0.27,0.482,0.595,0.581,0.61,0.411,0.202,0.494,0.279,0.168,0.373,7.927,5.047,10.651,1.777,0.842,2.3,58.684,60.243,57.133,1518.768,379.726,2638.814,7.326,5.939,7.878
Afghanistan,2007,Asia/Pacific,0.587,0.424,0.29,0.494,0.602,0.591,0.613,0.438,0.227,0.521,0.29,0.182,0.378,8.193,5.502,10.742,1.859,0.868,2.398,59.111,60.909,57.342,1811.167,450.21,3147.897,7.502,6.11,8.054
Afghanistan,2008,Asia/Pacific,0.594,0.43,0.296,0.499,0.613,0.6,0.626,0.433,0.222,0.516,0.3,0.195,0.384,8.46,5.957,10.833,1.941,0.894,2.495,59.852,61.529,58.172,1753.067,434.251,3047.085,7.469,6.074,8.022
Afghanistan,2009,Asia/Pacific,0.609,0.44,0.309,0.507,0.621,0.606,0.636,0.444,0.233,0.527,0.31,0.209,0.39,8.727,6.412,10.924,2.023,0.92,2.593,60.364,61.892,58.82,1884.201,466.893,3273.769,7.541,6.146,8.094
Afghanistan,2010,Asia/Pacific,0.627,0.448,0.322,0.513,0.628,0.614,0.643,0.448,0.246,0.53,0.32,0.221,0.397,9.003,6.819,11.076,2.105,0.946,2.69,60.851,62.408,59.278,1938.316,510.782,3336.67,7.57,6.236,8.113
Afghanistan,2011,Asia/Pacific,0.642,0.456,0.334,0.52,0.637,0.623,0.651,0.452,0.254,0.534,0.33,0.234,0.404,9.279,7.226,11.229,2.157,1.011,2.755,61.419,62.993,59.825,1999.653,537.517,3430.984,7.601,6.287,8.141
Afghanistan,2012,Asia/Pacific,0.649,0.466,0.344,0.53,0.645,0.631,0.659,0.462,0.267,0.543,0.34,0.242,0.417,9.577,7.423,11.623,2.209,1.076,2.82,61.923,63.514,60.317,2125.863,585.093,3633.441,7.662,6.372,8.198
Afghanistan,2013,Asia/Pacific,0.659,0.474,0.355,0.539,0.653,0.639,0.666,0.466,0.28,0.546,0.35,0.25,0.43,9.876,7.62,12.017,2.262,1.142,2.885,62.417,64.027,60.792,2193.554,637.767,3715.005,7.693,6.458,8.22
Afghanistan,2014,Asia/Pacific,0.63,0.479,0.343,0.546,0.655,0.643,0.666,0.465,0.245,0.55,0.36,0.257,0.443,10.174,7.817,12.411,2.314,1.207,2.95,62.545,64.274,60.812,2178.507,506.14,3813.314,7.686,6.227,8.246
Afghanistan,2015,Asia/Pacific,0.673,0.478,0.365,0.542,0.656,0.647,0.666,0.46,0.29,0.537,0.362,0.259,0.446,10.18,7.792,12.448,2.366,1.272,3.015,62.659,64.576,60.76,2101.589,681.132,3489.647,7.65,6.524,8.158
Afghanistan,2016,Asia/Pacific,0.682,0.481,0.371,0.544,0.664,0.655,0.672,0.458,0.297,0.533,0.365,0.263,0.45,10.186,7.767,12.485,2.464,1.43,3.082,63.136,65.096,61.193,2077.567,712.045,3411.484,7.639,6.568,8.135
Afghanistan,2017,Asia/Pacific,0.703,0.482,0.38,0.541,0.662,0.671,0.655,0.459,0.305,0.532,0.368,0.268,0.453,10.192,7.742,12.523,2.561,1.589,3.15,63.016,66.099,60.105,2085.488,755.068,3385.358,7.643,6.627,8.127
Afghanistan,2018,Asia/Pacific,0.71,0.483,0.383,0.54,0.663,0.676,0.653,0.457,0.306,0.529,0.372,0.273,0.456,10.198,7.716,12.56,2.659,1.747,3.217,63.081,66.458,59.923,2054.94,755.825,3325.135,7.628,6.628,8.109
Afghanistan,2019,Asia/Pacific,0.712,0.488,0.389,0.546,0.67,0.68,0.663,0.46,0.311,0.532,0.377,0.278,0.461,10.264,7.736,12.672,2.757,1.905,3.284,63.565,66.677,60.619,2097.889,783.702,3383.761,7.649,6.664,8.127
Afghanistan,2020,Asia/Pacific,0.689,0.483,0.374,0.543,0.655,0.66,0.652,0.452,0.279,0.53,0.38,0.284,0.464,10.264,7.736,12.672,2.855,2.063,3.351,62.575,65.432,59.866,1997.852,635.271,3331.9,7.6,6.454,8.111
Afghanistan,2021,Asia/Pacific,0.681,0.478,0.365,0.536,0.646,0.658,0.637,0.439,0.253,0.518,0.385,0.292,0.465,10.264,7.736,12.672,2.985,2.311,3.401,61.982,65.279,58.915,1824.191,532.955,3089.27,7.509,6.278,8.036
Australia,2000,Asia/Pacific,0.966,0.896,0.878,0.909,0.917,0.92,0.915,0.894,0.847,0.931,0.876,0.87,0.883,18.0,18.0,18.0,11.288,11.103,11.486,79.631,82.277,76.95,37296.641,27216.673,47528.969,10.527,10.212,10.769
Australia,2001,Asia/Pacific,0.966,0.9,0.883,0.913,0.923,0.925,0.921,0.899,0.852,0.935,0.878,0.872,0.884,18.0,18.0,18.0,11.344,11.167,11.533,80.017,82.607,77.388,38413.323,28243.496,48739.967,10.556,10.249,10.794
Australia,2002,Asia/Pacific,0.966,0.902,0.884,0.915,0.924,0.924,0.924,0.902,0.856,0.937,0.88,0.874,0.886,18.0,18.0,18.0,11.4,11.23,11.579,80.064,82.54,77.547,39098.353,28822.802,49530.293,10.574,10.269,10.81
Australia,2003,Asia/Pacific,0.967,0.906,0.889,0.919,0.93,0.93,0.93,0.906,0.861,0.941,0.882,0.876,0.888,18.0,18.0,18.0,11.456,11.294,11.626,80.455,82.919,77.95,40207.442,29929.324,50639.193,10.602,10.307,10.832
Australia,2004,Asia/Pacific,0.967,0.908,0.891,0.922,0.935,0.934,0.935,0.907,0.862,0.942,0.884,0.879,0.889,18.0,18.0,18.0,11.512,11.358,11.672,80.751,83.18,78.274,40599.521,30148.911,51202.603,10.612,10.314,10.844
Australia,2005,Asia/Pacific,0.967,0.911,0.894,0.924,0.94,0.938,0.941,0.909,0.865,0.943,0.885,0.88,0.89,18.0,18.0,18.0,11.548,11.412,11.689,81.113,83.49,78.684,41039.09,30742.438,51480.69,10.622,10.333,10.849
Australia,2006,Asia/Pacific,0.968,0.914,0.897,0.927,0.943,0.94,0.945,0.911,0.868,0.945,0.888,0.885,0.891,18.0,18.0,18.0,11.645,11.558,11.735,81.282,83.593,78.922,41648.29,31321.82,52111.826,10.637,10.352,10.861
Australia,2007,Asia/Pacific,0.969,0.915,0.899,0.928,0.942,0.939,0.945,0.914,0.872,0.948,0.89,0.888,0.893,18.0,18.0,18.0,11.712,11.634,11.792,81.26,83.553,78.937,42531.668,32079.168,53108.572,10.658,10.376,10.88
Australia,2008,Asia/Pacific,0.97,0.919,0.903,0.932,0.946,0.942,0.949,0.915,0.873,0.948,0.898,0.897,0.899,18.0,18.0,18.0,11.938,11.906,11.971,81.459,83.722,79.171,42767.775,32377.193,53263.942,10.664,10.385,10.883
Australia,2009,Asia/Pacific,0.97,0.921,0.906,0.933,0.95,0.947,0.954,0.915,0.873,0.947,0.9,0.899,0.9,18.0,18.0,18.0,11.987,11.968,12.008,81.766,84.027,79.48,42644.387,32428.961,52951.169,10.661,10.387,10.877
Australia,2010,Asia/Pacific,0.962,0.923,0.903,0.938,0.955,0.95,0.959,0.915,0.86,0.956,0.901,0.901,0.901,18.0,18.0,18.0,12.034,12.041,12.029,82.055,84.234,79.845,42840.459,29678.434,56118.477,10.665,10.298,10.935
Australia,2011,Asia/Pacific,0.964,0.926,0.907,0.941,0.956,0.951,0.961,0.92,0.867,0.96,0.904,0.905,0.903,18.0,18.0,18.0,12.116,12.155,12.076,82.134,84.292,79.956,44205.316,31150.897,57379.426,10.697,10.347,10.957
Australia,2012,Asia/Pacific,0.96,0.93,0.909,0.946,0.959,0.951,0.966,0.922,0.866,0.964,0.91,0.91,0.909,18.0,18.0,18.0,12.296,12.313,12.279,82.346,84.347,80.314,44878.418,30873.39,59016.687,10.712,10.338,10.986
Australia,2013,Asia/Pacific,0.961,0.929,0.907,0.944,0.963,0.957,0.969,0.924,0.867,0.965,0.901,0.901,0.9,18.0,18.0,18.0,12.019,12.042,11.995,82.604,84.675,80.512,45260.609,31050.163,59618.145,10.72,10.343,10.996
Australia,2014,Asia/Pacific,0.972,0.931,0.917,0.943,0.963,0.955,0.97,0.926,0.892,0.953,0.906,0.904,0.907,18.0,18.0,18.0,12.167,12.132,12.203,82.568,84.544,80.569,45851.642,36717.796,55093.876,10.733,10.511,10.917
Australia,2015,Asia/Pacific,0.963,0.933,0.913,0.948,0.964,0.957,0.971,0.927,0.876,0.966,0.908,0.908,0.909,18.0,18.0,18.0,12.246,12.235,12.256,82.655,84.673,80.628,46307.576,33029.077,59766.48,10.743,10.405,10.998
Australia,2016,Asia/Pacific,0.974,0.935,0.922,0.946,0.967,0.96,0.974,0.928,0.896,0.955,0.912,0.912,0.912,18.0,18.0,18.0,12.352,12.358,12.346,82.871,84.912,80.827,46558.178,37649.17,55601.047,10.748,10.536,10.926
Australia,2017,Asia/Pacific,0.966,0.937,0.919,0.952,0.969,0.961,0.977,0.93,0.882,0.966,0.914,0.915,0.913,18.0,18.0,18.0,12.422,12.458,12.386,83.001,84.986,81.005,47085.227,34295.225,60077.395,10.76,10.443,11.003
Australia,2018,Asia/Pacific,0.976,0.941,0.929,0.952,0.975,0.968,0.983,0.931,0.9,0.957,0.918,0.921,0.916,18.0,18.0,18.0,12.554,12.618,12.487,83.387,85.389,81.376,47487.644,38712.902,56403.275,10.768,10.564,10.94
Australia,2019,Asia/Pacific,0.969,0.941,0.925,0.954,0.971,0.963,0.979,0.93,0.889,0.963,0.922,0.923,0.92,18.0,18.0,18.0,12.657,12.702,12.609,83.11,85.096,81.124,47312.192,35905.342,58899.801,10.765,10.489,10.984
Australia,2020,Asia/Pacific,0.966,0.947,0.928,0.961,0.99,0.973,1.0,0.93,0.888,0.963,0.924,0.927,0.921,18.0,18.0,18.0,12.727,12.811,12.64,84.324,85.719,82.89,47078.244,35675.063,58654.762,10.76,10.482,10.979
Australia,2021,Asia/Pacific,0.968,0.951,0.932,0.963,0.993,0.974,1.0,0.936,0.895,0.969,0.924,0.927,0.921,18.0,18.0,18.0,12.727,12.811,12.64,84.527,85.84,83.172,49238.433,37485.588,61160.79,10.804,10.532,11.021
Botswana,2000,Africa,0.957,0.585,0.572,0.597,0.477,0.467,0.487,0.697,0.665,0.724,0.603,0.603,0.605,12.59,12.616,12.573,7.61,7.57,7.66,51.011,52.84,49.137,10064.838,8153.906,12092.313,9.217,9.006,9.4
Botswana,2001,Africa,0.945,0.586,0.568,0.601,0.472,0.461,0.482,0.699,0.653,0.736,0.609,0.608,0.611,12.644,12.67,12.622,7.744,7.692,7.808,50.676,52.448,48.86,10241.819,7563.413,13076.468,9.234,8.931,9.479
Botswana,2002,Africa,0.952,0.583,0.568,0.596,0.471,0.46,0.482,0.692,0.658,0.721,0.608,0.606,0.61,12.432,12.452,12.421,7.878,7.814,7.956,50.632,52.388,48.837,9753.011,7769.555,11847.082,9.185,8.958,9.38
Botswana,2003,Africa,0.949,0.59,0.573,0.604,0.476,0.464,0.488,0.701,0.664,0.732,0.614,0.612,0.617,12.498,12.522,12.481,8.012,7.936,8.104,50.947,52.648,49.199,10365.395,8105.651,12745.502,9.246,9.0,9.453
Botswana,2004,Africa,0.95,0.595,0.579,0.609,0.486,0.473,0.498,0.701,0.667,0.729,0.618,0.615,0.622,12.485,12.463,12.507,8.146,8.058,8.252,51.617,53.276,49.902,10337.12,8277.542,12501.294,9.243,9.021,9.434
Botswana,2005,Africa,0.949,0.604,0.588,0.619,0.502,0.491,0.512,0.707,0.669,0.739,0.623,0.618,0.628,12.48,12.444,12.517,8.28,8.18,8.4,52.61,54.383,50.783,10776.317,8373.811,13295.024,9.285,9.033,9.495
Botswana,2006,Africa,0.939,0.618,0.597,0.636,0.522,0.502,0.54,0.717,0.678,0.749,0.63,0.626,0.636,12.618,12.585,12.653,8.398,8.28,8.532,53.918,55.147,52.596,11501.987,8892.304,14230.9,9.35,9.093,9.563
Botswana,2007,Africa,0.943,0.632,0.612,0.649,0.55,0.531,0.567,0.727,0.688,0.759,0.632,0.628,0.636,12.533,12.569,12.496,8.516,8.38,8.664,55.732,56.99,54.371,12301.259,9505.492,15216.479,9.417,9.16,9.63
Botswana,2008,Africa,0.947,0.642,0.624,0.659,0.571,0.553,0.588,0.734,0.695,0.766,0.633,0.631,0.635,12.424,12.553,12.294,8.634,8.48,8.796,57.121,58.443,55.689,12863.845,9939.052,15905.301,9.462,9.204,9.674
Botswana,2009,Africa,0.954,0.647,0.631,0.661,0.589,0.577,0.599,0.724,0.685,0.756,0.636,0.634,0.639,12.409,12.537,12.282,8.752,8.58,8.928,58.279,60.03,56.431,12064.506,9346.3,14884.464,9.398,9.143,9.608
Botswana,2010,Africa,0.97,0.66,0.649,0.67,0.616,0.605,0.625,0.73,0.71,0.748,0.64,0.637,0.643,12.395,12.52,12.269,8.87,8.68,9.06,60.013,61.829,58.094,12580.341,11026.72,14188.992,9.44,9.308,9.56
Botswana,2011,Africa,0.982,0.669,0.662,0.674,0.624,0.62,0.626,0.741,0.726,0.755,0.647,0.645,0.649,12.38,12.504,12.256,9.1,8.93,9.27,60.53,62.816,58.173,13459.907,12196.588,14766.21,9.507,9.409,9.6
Botswana,2012,Africa,0.969,0.674,0.663,0.684,0.628,0.622,0.632,0.746,0.717,0.772,0.654,0.653,0.656,12.366,12.488,12.244,9.33,9.18,9.48,60.8,62.928,58.587,13995.383,11507.962,16565.148,9.546,9.351,9.715
Botswana,2013,Africa,0.979,0.687,0.679,0.693,0.646,0.648,0.643,0.757,0.729,0.781,0.662,0.661,0.663,12.351,12.472,12.231,9.56,9.43,9.69,61.996,64.637,59.302,15007.469,12503.917,17592.218,9.616,9.434,9.775
Botswana,2014,Africa,0.983,0.696,0.689,0.701,0.656,0.66,0.65,0.768,0.742,0.791,0.669,0.669,0.669,12.337,12.456,12.218,9.79,9.68,9.9,62.608,65.391,59.781,16148.374,13617.782,18759.957,9.69,9.519,9.839
Botswana,2015,Africa,0.981,0.702,0.694,0.708,0.674,0.674,0.673,0.759,0.734,0.78,0.676,0.677,0.676,12.323,12.44,12.206,10.02,9.93,10.11,63.818,66.284,61.262,15177.919,12932.418,17493.805,9.628,9.467,9.77
Botswana,2016,Africa,0.983,0.713,0.707,0.719,0.699,0.701,0.696,0.765,0.742,0.786,0.679,0.679,0.678,12.308,12.423,12.193,10.1,10.016,10.182,65.464,68.059,62.77,15856.55,13588.439,18193.651,9.671,9.517,9.809
Botswana,2017,Africa,0.985,0.722,0.716,0.726,0.719,0.722,0.715,0.768,0.745,0.788,0.681,0.681,0.68,12.294,12.407,12.18,10.18,10.102,10.254,66.753,69.428,63.968,16144.88,13894.193,18461.798,9.689,9.539,9.823
Botswana,2018,Africa,0.976,0.716,0.707,0.724,0.699,0.69,0.705,0.769,0.747,0.789,0.683,0.684,0.682,12.279,12.391,12.168,10.26,10.188,10.326,65.422,67.371,63.336,16285.696,14063.136,18570.872,9.698,9.551,9.829
Botswana,2019,Africa,0.974,0.717,0.706,0.725,0.699,0.698,0.699,0.77,0.736,0.798,0.685,0.686,0.684,12.265,12.375,12.155,10.34,10.274,10.398,65.464,67.891,62.934,16308.088,13024.207,19680.637,9.699,9.475,9.887
Botswana,2020,Africa,0.981,0.713,0.705,0.719,0.702,0.701,0.702,0.754,0.73,0.775,0.685,0.686,0.684,12.265,12.375,12.155,10.34,10.274,10.398,65.647,68.051,63.143,14696.027,12560.876,16887.221,9.595,9.438,9.734
Botswana,2021,Africa,0.981,0.693,0.686,0.7,0.633,0.632,0.634,0.768,0.745,0.79,0.685,0.686,0.684,12.265,12.375,12.155,10.34,10.274,10.398,61.141,63.594,58.691,16198.318,13839.157,18618.323,9.693,9.535,9.832
Brazil,2002,America,0.986,0.692,0.686,0.695,0.776,0.795,0.759,0.716,0.668,0.753,0.598,0.607,0.588,14.771,14.948,14.582,5.627,5.75,5.477,70.41,74.19,66.845,11415.264,8300.816,14594.911,9.343,9.024,9.588
Brazil,2003,America,0.986,0.688,0.68,0.69,0.78,0.799,0.765,0.716,0.661,0.757,0.583,0.596,0.568,14.014,14.38,13.629,5.804,5.911,5.678,70.72,74.42,67.206,11423.91,7959.293,14964.943,9.343,8.982,9.613
Brazil,2004,America,0.985,0.692,0.685,0.695,0.787,0.806,0.77,0.723,0.669,0.763,0.584,0.595,0.572,13.85,14.145,13.55,5.981,6.071,5.879,71.131,74.916,67.537,11962.884,8396.266,15612.115,9.39,9.036,9.656
Brazil,2005,America,0.986,0.698,0.691,0.7,0.796,0.814,0.781,0.726,0.675,0.764,0.588,0.6,0.575,13.777,14.084,13.466,6.15,6.248,6.041,71.753,75.402,68.252,12212.2,8736.984,15771.543,9.41,9.075,9.666
Brazil,2006,America,0.989,0.7,0.694,0.702,0.801,0.818,0.785,0.731,0.681,0.769,0.587,0.6,0.573,13.54,13.891,13.191,6.32,6.425,6.203,72.037,75.665,68.545,12605.818,9081.146,16219.175,9.442,9.114,9.694
Brazil,2007,America,0.99,0.704,0.698,0.705,0.806,0.821,0.792,0.739,0.69,0.776,0.586,0.601,0.571,13.303,13.697,12.916,6.502,6.613,6.377,72.365,75.88,68.956,13284.632,9612.106,17052.846,9.494,9.171,9.744
Brazil,2008,America,0.987,0.715,0.708,0.717,0.811,0.825,0.798,0.744,0.693,0.783,0.606,0.621,0.591,13.804,14.196,13.416,6.671,6.791,6.536,72.715,76.134,69.378,13778.065,9811.073,17851.591,9.531,9.191,9.79
Brazil,2009,America,0.99,0.717,0.711,0.718,0.815,0.828,0.803,0.743,0.695,0.78,0.608,0.625,0.592,13.782,14.231,13.34,6.769,6.893,6.63,72.948,76.299,69.664,13653.357,9964.589,17443.857,9.522,9.207,9.767
Brazil,2010,America,0.992,0.723,0.718,0.723,0.818,0.832,0.805,0.751,0.704,0.788,0.614,0.631,0.597,13.856,14.268,13.45,6.878,7.045,6.696,73.182,76.592,69.844,14414.128,10542.408,18395.426,9.576,9.263,9.82
Brazil,2011,America,0.986,0.728,0.72,0.73,0.821,0.833,0.809,0.756,0.705,0.795,0.62,0.636,0.604,13.931,14.305,13.56,7.006,7.161,6.832,73.343,76.651,70.089,14925.887,10611.756,19365.158,9.611,9.27,9.871
Brazil,2012,America,0.989,0.732,0.725,0.733,0.824,0.836,0.812,0.758,0.708,0.796,0.628,0.645,0.61,13.937,14.356,13.517,7.216,7.382,7.03,73.552,76.869,70.287,15088.388,10845.287,19457.409,9.622,9.291,9.876
Brazil,2013,America,0.989,0.75,0.744,0.752,0.83,0.84,0.819,0.763,0.714,0.801,0.668,0.686,0.648,15.291,15.721,14.853,7.287,7.475,7.077,73.919,77.12,70.745,15584.119,11264.351,20034.799,9.654,9.329,9.905
Brazil,2014,America,0.989,0.754,0.747,0.756,0.835,0.845,0.826,0.761,0.711,0.8,0.674,0.694,0.653,15.418,15.91,14.924,7.379,7.576,7.157,74.306,77.432,71.191,15454.769,11084.972,19959.313,9.646,9.313,9.901
Brazil,2015,America,0.989,0.753,0.747,0.755,0.836,0.847,0.825,0.755,0.708,0.791,0.677,0.694,0.659,15.365,15.741,14.981,7.507,7.699,7.291,74.333,77.572,71.124,14780.057,10826.173,18858.059,9.601,9.29,9.845
Brazil,2016,America,0.992,0.755,0.75,0.756,0.838,0.852,0.824,0.748,0.703,0.784,0.687,0.705,0.669,15.453,15.873,15.036,7.731,7.91,7.528,74.442,77.848,71.092,14143.489,10495.588,17908.603,9.557,9.259,9.793
Brazil,2017,America,0.99,0.759,0.753,0.761,0.843,0.854,0.833,0.749,0.706,0.784,0.692,0.708,0.674,15.485,15.84,15.13,7.852,8.053,7.623,74.827,78.032,71.635,14253.075,10695.489,17927.583,9.565,9.278,9.794
Brazil,2018,America,0.99,0.764,0.758,0.766,0.848,0.858,0.838,0.749,0.707,0.783,0.702,0.719,0.684,15.703,16.078,15.328,7.982,8.184,7.752,75.11,78.266,71.956,14258.484,10758.44,17875.621,9.565,9.283,9.791
Brazil,2019,America,0.992,0.766,0.761,0.767,0.851,0.861,0.842,0.75,0.709,0.784,0.704,0.723,0.684,15.599,16.033,15.167,8.129,8.334,7.894,75.338,78.47,72.203,14367.239,10898.822,17953.689,9.573,9.296,9.796
Brazil,2020,America,0.994,0.758,0.754,0.758,0.831,0.844,0.818,0.744,0.701,0.779,0.704,0.723,0.684,15.599,16.033,15.167,8.129,8.334,7.894,74.009,77.375,70.7,13790.711,10358.052,17342.546,9.532,9.246,9.761
Brazil,2021,America,0.994,0.754,0.75,0.755,0.812,0.823,0.801,0.75,0.709,0.784,0.704,0.723,0.684,15.599,16.033,15.167,8.129,8.334,7.894,72.75,76.009,69.56,14369.888,10903.075,17959.965,9.573,9.297,9.796
Canada,2000,America,0.982,0.89,0.88,0.896,0.911,0.912,0.909,0.902,0.863,0.934,0.857,0.868,0.849,15.88,16.302,15.48,12.484,12.44,12.557,79.234,81.773,76.582,39187.817,30213.976,48338.029,10.576,10.316,10.786
Canada,2001,America,0.982,0.892,0.883,0.899,0.915,0.914,0.913,0.902,0.863,0.933,0.86,0.871,0.851,15.783,16.2,15.385,12.657,12.626,12.72,79.451,81.937,76.848,39215.065,30363.881,48232.587,10.577,10.321,10.784
Canada,2002,America,0.982,0.894,0.884,0.901,0.916,0.914,0.917,0.904,0.866,0.934,0.862,0.872,0.853,15.685,16.099,15.29,12.789,12.756,12.85,79.568,81.942,77.074,39652.79,30869.36,48596.684,10.588,10.338,10.791
Canada,2003,America,0.982,0.897,0.887,0.903,0.919,0.918,0.919,0.908,0.871,0.938,0.864,0.874,0.855,15.588,15.997,15.195,12.922,12.885,12.979,79.74,82.146,77.219,40744.98,31914.049,49735.824,10.615,10.371,10.814
Canada,2004,America,0.982,0.901,0.891,0.907,0.924,0.921,0.924,0.914,0.877,0.944,0.865,0.875,0.856,15.49,15.896,15.099,13.054,13.015,13.109,80.033,82.365,77.58,42348.346,33258.267,51601.596,10.654,10.412,10.851
Canada,2005,America,0.982,0.903,0.894,0.91,0.925,0.922,0.926,0.919,0.882,0.949,0.867,0.877,0.858,15.393,15.795,15.004,13.186,13.145,13.239,80.136,82.435,77.717,43853.091,34424.932,53447.907,10.689,10.447,10.886
Canada,2006,America,0.982,0.907,0.897,0.914,0.931,0.928,0.933,0.922,0.887,0.952,0.869,0.878,0.86,15.295,15.693,14.909,13.318,13.274,13.368,80.547,82.809,78.154,44888.058,35444.003,54497.608,10.712,10.476,10.906
Canada,2007,America,0.982,0.908,0.898,0.915,0.932,0.928,0.934,0.926,0.891,0.955,0.868,0.877,0.858,15.197,15.592,14.814,13.367,13.331,13.409,80.55,82.804,78.184,45839.734,36334.652,55512.562,10.733,10.501,10.924
Canada,2008,America,0.982,0.91,0.9,0.917,0.934,0.93,0.937,0.928,0.892,0.957,0.869,0.88,0.859,15.18,15.6,14.777,13.416,13.388,13.449,80.739,82.95,78.412,46460.706,36769.263,56324.412,10.746,10.512,10.939
Canada,2009,America,0.982,0.909,0.899,0.916,0.94,0.934,0.943,0.916,0.881,0.946,0.872,0.884,0.861,15.233,15.673,14.81,13.465,13.444,13.489,81.074,83.231,78.797,43109.913,34075.469,52305.063,10.672,10.436,10.865
Canada,2010,America,0.982,0.911,0.902,0.918,0.944,0.938,0.948,0.921,0.886,0.95,0.871,0.882,0.86,15.122,15.542,14.719,13.514,13.501,13.53,81.347,83.457,79.121,44528.554,35304.052,53917.063,10.704,10.472,10.895
Canada,2011,America,0.983,0.915,0.906,0.922,0.947,0.94,0.952,0.926,0.892,0.954,0.875,0.887,0.864,15.236,15.674,14.816,13.563,13.558,13.57,81.529,83.597,79.351,45969.254,36717.407,55382.807,10.736,10.511,10.922
Canada,2012,America,0.983,0.921,0.912,0.927,0.95,0.942,0.955,0.927,0.893,0.954,0.888,0.902,0.875,15.66,16.14,15.197,13.597,13.602,13.592,81.722,83.758,79.577,46117.102,36915.467,55472.551,10.739,10.516,10.924
Canada,2013,America,0.984,0.923,0.915,0.93,0.951,0.943,0.957,0.929,0.896,0.957,0.892,0.906,0.878,15.738,16.234,15.26,13.63,13.646,13.614,81.803,83.8,79.714,46909.898,37702.974,56263.43,10.756,10.537,10.938
Canada,2014,America,0.985,0.925,0.917,0.931,0.952,0.944,0.958,0.931,0.898,0.959,0.894,0.91,0.88,15.804,16.314,15.312,13.664,13.691,13.637,81.855,83.89,79.741,47500.431,38053.385,57094.232,10.768,10.547,10.952
Canada,2015,America,0.984,0.926,0.917,0.932,0.953,0.945,0.959,0.928,0.894,0.955,0.898,0.914,0.883,15.891,16.426,15.381,13.698,13.735,13.659,81.925,83.912,79.864,46417.513,37132.069,55846.644,10.745,10.522,10.93
Canada,2016,America,0.985,0.928,0.92,0.934,0.955,0.947,0.961,0.927,0.895,0.954,0.902,0.918,0.887,16.01,16.524,15.514,13.732,13.78,13.681,82.043,84.053,79.966,46340.418,37370.095,55448.4,10.744,10.529,10.923
Canada,2017,America,0.987,0.931,0.924,0.936,0.954,0.948,0.96,0.932,0.9,0.958,0.908,0.924,0.892,16.158,16.67,15.664,13.766,13.825,13.703,82.019,84.103,79.891,47702.637,38722.229,56816.029,10.773,10.564,10.948
Canada,2018,America,0.987,0.933,0.925,0.938,0.955,0.948,0.961,0.933,0.902,0.959,0.911,0.927,0.895,16.225,16.723,15.744,13.8,13.87,13.725,82.051,84.095,79.972,48156.0,39279.669,57154.825,10.782,10.578,10.954
Canada,2019,America,0.988,0.937,0.93,0.941,0.959,0.953,0.966,0.934,0.904,0.959,0.917,0.933,0.9,16.396,16.891,15.917,13.834,13.915,13.748,82.363,84.419,80.277,48464.812,39808.955,57232.252,10.789,10.592,10.955
Canada,2020,America,0.988,0.931,0.925,0.936,0.955,0.948,0.961,0.923,0.894,0.948,0.917,0.933,0.9,16.396,16.891,15.917,13.834,13.915,13.748,82.047,84.104,79.98,45038.073,37081.133,53094.597,10.715,10.521,10.88
Canada,2021,America,0.988,0.936,0.929,0.941,0.964,0.956,0.971,0.929,0.9,0.953,0.917,0.933,0.9,16.396,16.891,15.917,13.834,13.915,13.748,82.657,84.671,80.621,46807.986,38651.809,55065.255,10.754,10.562,10.916
China,2000,Asia/Pacific,0.901,0.584,0.551,0.612,0.798,0.795,0.803,0.533,0.496,0.562,0.467,0.425,0.508,9.69,8.99,10.39,5.929,5.263,6.567,71.881,74.189,69.723,3416.482,2660.174,4139.422,8.136,7.886,8.328
China,2001,Asia/Pacific,0.907,0.593,0.563,0.621,0.809,0.812,0.81,0.544,0.506,0.573,0.475,0.434,0.515,9.88,9.189,10.57,6.008,5.361,6.63,72.606,75.258,70.162,3666.404,2849.027,4447.364,8.207,7.955,8.4
China,2002,Asia/Pacific,0.914,0.604,0.575,0.63,0.815,0.818,0.816,0.557,0.518,0.586,0.486,0.449,0.522,10.183,9.615,10.751,6.088,5.459,6.694,72.985,75.64,70.539,3988.394,3092.539,4844.125,8.291,8.037,8.486
China,2003,Asia/Pacific,0.92,0.615,0.588,0.639,0.821,0.824,0.822,0.571,0.532,0.6,0.497,0.464,0.529,10.486,10.04,10.932,6.168,5.557,6.757,73.371,76.045,70.91,4376.642,3385.968,5322.729,8.384,8.127,8.58
China,2004,Asia/Pacific,0.927,0.626,0.601,0.648,0.827,0.83,0.827,0.585,0.546,0.615,0.508,0.479,0.536,10.789,10.466,11.113,6.248,5.655,6.82,73.748,76.433,71.275,4805.651,3709.094,5852.624,8.478,8.219,8.675
China,2005,Asia/Pacific,0.933,0.638,0.614,0.658,0.832,0.836,0.833,0.6,0.56,0.63,0.519,0.494,0.543,11.093,10.892,11.294,6.328,5.753,6.884,74.111,76.819,71.619,5299.36,4080.016,6463.32,8.575,8.314,8.774
China,2006,Asia/Pacific,0.939,0.65,0.628,0.669,0.839,0.841,0.839,0.618,0.578,0.648,0.53,0.509,0.55,11.396,11.31,11.474,6.407,5.851,6.947,74.504,77.167,72.043,5969.088,4584.443,7290.544,8.694,8.43,8.894
China,2007,Asia/Pacific,0.942,0.663,0.641,0.681,0.842,0.846,0.842,0.638,0.597,0.668,0.542,0.522,0.561,11.725,11.666,11.778,6.487,5.949,7.01,74.762,77.492,72.248,6810.159,5217.111,8330.186,8.826,8.56,9.028
China,2008,Asia/Pacific,0.945,0.672,0.651,0.69,0.844,0.847,0.844,0.651,0.611,0.682,0.552,0.534,0.569,11.993,11.977,12.007,6.567,6.047,7.073,74.872,77.562,72.39,7457.824,5698.273,9136.404,8.917,8.648,9.12
China,2009,Asia/Pacific,0.948,0.682,0.662,0.698,0.851,0.855,0.851,0.663,0.622,0.694,0.561,0.546,0.577,12.234,12.271,12.2,6.647,6.145,7.137,75.343,78.066,72.831,8056.029,6139.0,9884.496,8.994,8.722,9.199
China,2010,Asia/Pacific,0.952,0.691,0.673,0.707,0.855,0.859,0.855,0.677,0.642,0.705,0.569,0.553,0.586,12.426,12.398,12.448,6.726,6.243,7.2,75.599,78.326,73.08,8846.376,6998.247,10608.889,9.088,8.853,9.269
China,2011,Asia/Pacific,0.956,0.7,0.683,0.715,0.86,0.864,0.86,0.689,0.654,0.717,0.578,0.564,0.593,12.636,12.653,12.619,6.821,6.37,7.261,75.903,78.644,73.368,9589.872,7600.169,11487.289,9.168,8.936,9.349
China,2012,Asia/Pacific,0.96,0.709,0.693,0.722,0.864,0.869,0.863,0.701,0.666,0.728,0.587,0.575,0.599,12.846,12.91,12.782,6.916,6.497,7.322,76.192,78.983,73.613,10346.769,8214.323,12380.273,9.244,9.014,9.424
China,2013,Asia/Pacific,0.963,0.717,0.702,0.729,0.868,0.873,0.867,0.71,0.676,0.737,0.596,0.587,0.605,13.056,13.174,12.938,7.011,6.624,7.382,76.452,79.223,73.884,11012.373,8759.479,13160.838,9.307,9.078,9.485
China,2014,Asia/Pacific,0.967,0.725,0.712,0.736,0.873,0.877,0.871,0.721,0.687,0.748,0.605,0.599,0.612,13.267,13.446,13.087,7.105,6.75,7.443,76.717,79.499,74.134,11866.354,9457.679,14163.682,9.381,9.155,9.558
China,2015,Asia/Pacific,0.971,0.733,0.721,0.742,0.877,0.881,0.875,0.73,0.696,0.757,0.614,0.611,0.618,13.477,13.728,13.226,7.2,6.877,7.504,76.977,79.772,74.379,12552.185,10024.705,14963.42,9.438,9.213,9.613
China,2016,Asia/Pacific,0.975,0.74,0.73,0.749,0.88,0.885,0.878,0.739,0.705,0.765,0.624,0.622,0.624,13.687,14.02,13.355,7.3,6.992,7.594,77.218,80.053,74.582,13332.386,10669.032,15874.181,9.498,9.275,9.672
China,2017,Asia/Pacific,0.981,0.747,0.739,0.754,0.881,0.89,0.876,0.749,0.716,0.775,0.633,0.635,0.63,13.897,14.325,13.47,7.4,7.106,7.683,77.248,80.321,74.433,14224.869,11407.478,16915.232,9.563,9.342,9.736
China,2018,Asia/Pacific,0.981,0.755,0.747,0.761,0.888,0.894,0.885,0.758,0.725,0.784,0.64,0.643,0.636,14.032,14.496,13.568,7.5,7.22,7.772,77.744,80.637,75.046,15067.741,12109.939,17894.322,9.62,9.402,9.792
China,2019,Asia/Pacific,0.984,0.762,0.755,0.768,0.892,0.897,0.889,0.766,0.733,0.792,0.649,0.655,0.643,14.236,14.775,13.698,7.6,7.335,7.862,77.968,80.816,75.298,15933.5,12832.58,18899.169,9.676,9.46,9.847
China,2020,Asia/Pacific,0.984,0.764,0.757,0.769,0.893,0.901,0.889,0.769,0.735,0.795,0.649,0.655,0.643,14.236,14.775,13.698,7.6,7.335,7.862,78.077,81.058,75.305,16201.353,12953.746,19310.41,9.693,9.469,9.868
China,2021,Asia/Pacific,0.984,0.768,0.761,0.773,0.896,0.902,0.892,0.78,0.746,0.807,0.649,0.655,0.643,14.236,14.775,13.698,7.6,7.335,7.862,78.211,81.155,75.463,17504.4,13979.69,20882.866,9.77,9.545,9.947
Congo Brazzaville,2000,Africa,0.877,0.491,0.459,0.523,0.518,0.49,0.545,0.513,0.489,0.533,0.444,0.402,0.492,9.472,8.737,10.204,5.44,4.78,6.25,53.682,54.377,52.932,2976.654,2547.605,3414.841,7.999,7.843,8.136
Congo Brazzaville,2001,Africa,0.876,0.497,0.464,0.53,0.529,0.5,0.558,0.525,0.501,0.546,0.441,0.399,0.488,9.315,8.596,10.031,5.476,4.808,6.282,54.395,54.984,53.752,3230.945,2765.24,3705.662,8.081,7.925,8.218
Congo Brazzaville,2002,Africa,0.878,0.5,0.467,0.532,0.54,0.511,0.568,0.528,0.504,0.548,0.438,0.396,0.484,9.157,8.455,9.857,5.512,4.836,6.314,55.088,55.733,54.388,3290.456,2815.938,3773.407,8.099,7.943,8.236
Congo Brazzaville,2003,Africa,0.875,0.5,0.467,0.533,0.553,0.524,0.581,0.523,0.5,0.544,0.432,0.389,0.48,8.91,8.159,9.657,5.548,4.864,6.346,55.948,56.557,55.284,3191.787,2731.175,3659.847,8.068,7.912,8.205
Congo Brazzaville,2004,Africa,0.879,0.505,0.473,0.538,0.569,0.54,0.598,0.516,0.493,0.537,0.439,0.397,0.485,9.112,8.428,9.793,5.584,4.892,6.378,56.986,57.578,56.341,3047.117,2606.627,3493.996,8.022,7.866,8.159
Congo Brazzaville,2005,Africa,0.884,0.519,0.487,0.551,0.587,0.558,0.615,0.534,0.511,0.555,0.446,0.406,0.489,9.315,8.697,9.929,5.62,4.92,6.41,58.126,58.747,57.452,3434.685,2936.337,3939.466,8.142,7.985,8.279
Congo Brazzaville,2006,Africa,0.889,0.532,0.501,0.564,0.598,0.569,0.626,0.558,0.534,0.579,0.452,0.413,0.494,9.518,8.967,10.065,5.63,4.916,6.43,58.878,59.514,58.194,4019.713,3435.724,4610.368,8.299,8.142,8.436
Congo Brazzaville,2007,Africa,0.893,0.533,0.503,0.563,0.61,0.583,0.636,0.543,0.519,0.563,0.458,0.42,0.498,9.72,9.236,10.202,5.64,4.912,6.45,59.643,60.395,58.848,3633.152,3103.763,4167.874,8.198,8.04,8.335
Congo Brazzaville,2008,Africa,0.897,0.541,0.512,0.571,0.622,0.596,0.648,0.549,0.526,0.57,0.464,0.428,0.503,9.923,9.505,10.338,5.65,4.908,6.47,60.427,61.213,59.6,3798.546,3242.892,4359.153,8.242,8.084,8.38
Congo Brazzaville,2009,Africa,0.929,0.554,0.534,0.575,0.632,0.608,0.656,0.573,0.575,0.571,0.47,0.435,0.507,10.125,9.775,10.474,5.66,4.904,6.49,61.088,62.008,60.135,4439.714,4504.567,4374.354,8.398,8.413,8.384
Congo Brazzaville,2010,Africa,0.913,0.561,0.536,0.587,0.641,0.62,0.663,0.58,0.561,0.596,0.476,0.442,0.512,10.328,10.044,10.611,5.67,4.9,6.51,61.683,62.775,60.57,4636.257,4102.226,5173.966,8.442,8.319,8.551
Congo Brazzaville,2011,Africa,0.918,0.564,0.54,0.588,0.646,0.625,0.667,0.574,0.555,0.591,0.484,0.454,0.517,10.53,10.313,10.747,5.758,5.022,6.554,61.992,63.135,60.833,4475.863,3949.359,5005.618,8.406,8.281,8.518
Congo Brazzaville,2012,Africa,0.921,0.575,0.551,0.599,0.651,0.628,0.674,0.593,0.573,0.61,0.493,0.465,0.522,10.733,10.583,10.883,5.846,5.144,6.598,62.317,63.325,61.288,5053.149,4449.35,5660.268,8.528,8.401,8.641
Congo Brazzaville,2013,Africa,0.93,0.58,0.559,0.601,0.657,0.638,0.675,0.593,0.574,0.611,0.502,0.478,0.528,10.948,10.875,11.025,5.934,5.266,6.642,62.695,63.998,61.388,5077.68,4464.071,5694.32,8.533,8.404,8.647
Congo Brazzaville,2014,Africa,0.932,0.589,0.568,0.61,0.661,0.642,0.679,0.606,0.586,0.623,0.511,0.488,0.535,11.167,11.093,11.246,6.022,5.388,6.686,62.95,64.241,61.656,5507.313,4836.524,6181.131,8.614,8.484,8.729
Congo Brazzaville,2015,Africa,0.931,0.59,0.569,0.611,0.665,0.643,0.687,0.593,0.574,0.611,0.52,0.498,0.543,11.391,11.315,11.471,6.11,5.51,6.73,63.233,64.314,62.137,5080.414,4459.177,5704.149,8.533,8.403,8.649
Congo Brazzaville,2016,Africa,0.935,0.586,0.566,0.605,0.67,0.653,0.687,0.568,0.549,0.586,0.527,0.505,0.55,11.619,11.541,11.701,6.124,5.53,6.738,63.577,64.975,62.185,4304.606,3780.433,4830.655,8.367,8.238,8.483
Congo Brazzaville,2017,Africa,0.935,0.58,0.56,0.599,0.673,0.656,0.691,0.543,0.524,0.56,0.534,0.512,0.556,11.851,11.772,11.935,6.138,5.55,6.746,63.76,65.135,62.392,3639.791,3200.166,4080.854,8.2,8.071,8.314
Congo Brazzaville,2018,Africa,0.933,0.578,0.558,0.598,0.678,0.658,0.697,0.527,0.507,0.544,0.541,0.519,0.563,12.089,12.008,12.174,6.152,5.57,6.754,64.053,65.267,62.835,3264.476,2875.08,3655.002,8.091,7.964,8.204
Congo Brazzaville,2019,Africa,0.935,0.57,0.55,0.588,0.658,0.641,0.675,0.512,0.494,0.529,0.548,0.527,0.57,12.331,12.249,12.418,6.166,5.59,6.762,62.747,64.165,61.347,2974.265,2625.196,3324.241,7.998,7.873,8.109
Congo Brazzaville,2020,Africa,0.936,0.574,0.555,0.593,0.674,0.66,0.688,0.512,0.491,0.53,0.548,0.527,0.57,12.331,12.249,12.418,6.166,5.59,6.762,63.785,65.397,62.212,2966.27,2586.738,3346.744,7.995,7.858,8.116
Congo Brazzaville,2021,Africa,0.934,0.571,0.552,0.59,0.67,0.653,0.687,0.508,0.488,0.526,0.548,0.527,0.57,12.331,12.249,12.418,6.166,5.59,6.762,63.519,64.935,62.124,2889.284,2532.153,3247.264,7.969,7.837,8.086
Egypt,2000,Africa,0.835,0.633,0.561,0.672,0.739,0.732,0.745,0.658,0.501,0.731,0.523,0.482,0.558,11.187,10.609,11.641,6.367,5.625,7.049,68.007,70.095,65.897,7781.35,2762.333,12674.921,8.959,7.924,9.447
Egypt,2001,Africa,0.848,0.637,0.573,0.676,0.743,0.737,0.749,0.661,0.525,0.73,0.526,0.486,0.564,11.292,10.824,11.737,6.375,5.554,7.14,68.308,70.431,66.169,7956.988,3234.606,12559.31,8.982,8.082,9.438
Egypt,2002,Africa,0.839,0.639,0.568,0.677,0.747,0.742,0.752,0.66,0.511,0.732,0.528,0.484,0.564,11.345,10.839,11.627,6.384,5.484,7.231,68.564,70.735,66.383,7914.593,2941.994,12757.892,8.976,7.987,9.454
Egypt,2003,Africa,0.841,0.637,0.569,0.677,0.745,0.741,0.749,0.662,0.515,0.733,0.524,0.482,0.564,11.193,10.853,11.516,6.392,5.414,7.322,68.402,70.659,66.159,7996.627,3025.331,12836.076,8.987,8.015,9.46
Egypt,2004,Africa,0.844,0.64,0.574,0.68,0.748,0.745,0.751,0.665,0.527,0.734,0.526,0.481,0.569,11.258,10.899,11.599,6.401,5.344,7.413,68.613,70.914,66.336,8162.007,3273.118,12920.189,9.007,8.093,9.467
Egypt,2005,Africa,0.837,0.643,0.572,0.684,0.75,0.75,0.752,0.669,0.519,0.741,0.529,0.482,0.574,11.352,11.023,11.665,6.409,5.273,7.504,68.779,71.226,66.38,8372.628,3100.481,13504.21,9.033,8.039,9.511
Egypt,2006,Africa,0.841,0.647,0.579,0.689,0.753,0.754,0.754,0.677,0.533,0.748,0.532,0.483,0.579,11.446,11.147,11.731,6.417,5.203,7.595,68.977,71.49,66.525,8859.169,3408.444,14166.319,9.089,8.134,9.559
Egypt,2007,Africa,0.853,0.655,0.592,0.694,0.756,0.757,0.756,0.686,0.55,0.755,0.542,0.498,0.585,11.54,11.27,11.796,6.656,5.548,7.735,69.128,71.706,66.623,9360.119,3807.174,14768.744,9.144,8.245,9.6
Egypt,2008,Africa,0.831,0.663,0.584,0.702,0.759,0.76,0.758,0.693,0.51,0.772,0.553,0.513,0.592,11.634,11.394,11.862,6.895,5.894,7.874,69.319,71.931,66.785,9845.397,2916.513,16596.856,9.195,7.978,9.717
Egypt,2009,Africa,0.785,0.668,0.557,0.71,0.761,0.763,0.761,0.696,0.43,0.786,0.564,0.528,0.598,11.728,11.518,11.927,7.134,6.239,8.013,69.48,72.087,66.952,10039.03,1717.929,18150.492,9.214,7.449,9.806
Egypt,2010,Africa,0.863,0.675,0.613,0.71,0.764,0.766,0.763,0.698,0.551,0.769,0.577,0.544,0.609,11.917,11.696,12.127,7.373,6.584,8.152,69.664,72.318,67.096,10135.986,3841.699,16273.673,9.224,8.254,9.697
Egypt,2011,Africa,0.878,0.679,0.624,0.711,0.767,0.771,0.765,0.696,0.566,0.764,0.587,0.558,0.615,11.985,11.756,12.202,7.612,6.93,8.291,69.881,72.605,67.253,10031.429,4236.478,15680.357,9.213,8.351,9.66
Egypt,2012,Africa,0.888,0.688,0.638,0.718,0.771,0.773,0.769,0.696,0.575,0.762,0.607,0.583,0.631,12.434,12.255,12.606,7.851,7.275,8.43,70.085,72.745,67.513,10055.577,4502.202,15467.307,9.216,8.412,9.646
Egypt,2013,Africa,0.895,0.694,0.646,0.722,0.77,0.774,0.768,0.696,0.577,0.76,0.623,0.603,0.644,12.736,12.553,12.911,8.09,7.62,8.57,70.052,72.82,67.398,10016.178,4555.636,15338.981,9.212,8.424,9.638
Egypt,2014,Africa,0.89,0.699,0.646,0.727,0.776,0.779,0.773,0.697,0.562,0.766,0.631,0.616,0.647,12.737,12.612,12.858,8.329,7.966,8.709,70.415,73.163,67.773,10099.753,4140.949,15910.132,9.22,8.329,9.675
Egypt,2015,Africa,0.903,0.706,0.66,0.731,0.777,0.778,0.776,0.701,0.583,0.766,0.645,0.634,0.656,12.931,12.855,13.005,8.568,8.311,8.848,70.483,73.081,67.967,10382.273,4729.019,15895.958,9.248,8.461,9.674
Egypt,2016,Africa,0.91,0.713,0.67,0.736,0.782,0.785,0.781,0.705,0.587,0.769,0.658,0.652,0.665,13.125,13.099,13.151,8.807,8.656,8.987,70.844,73.552,68.233,10646.469,4868.759,16282.861,9.273,8.491,9.698
Egypt,2017,Africa,0.916,0.721,0.68,0.742,0.789,0.792,0.788,0.707,0.594,0.77,0.672,0.67,0.675,13.326,13.314,13.338,9.046,9.002,9.126,71.302,73.974,68.712,10801.027,5099.836,16364.804,9.287,8.537,9.703
Egypt,2018,Africa,0.905,0.729,0.679,0.751,0.79,0.791,0.79,0.711,0.573,0.781,0.688,0.691,0.687,13.605,13.62,13.591,9.306,9.393,9.272,71.367,73.927,68.875,11079.033,4442.147,17559.04,9.313,8.399,9.773
Egypt,2019,Africa,0.898,0.735,0.68,0.757,0.79,0.788,0.793,0.715,0.561,0.788,0.702,0.711,0.695,13.786,13.845,13.732,9.573,9.802,9.42,71.358,73.711,69.049,11335.877,4112.416,18391.676,9.336,8.322,9.82
Egypt,2020,Africa,0.882,0.734,0.669,0.758,0.784,0.783,0.787,0.718,0.537,0.796,0.702,0.711,0.695,13.786,13.845,13.732,9.573,9.802,9.42,70.991,73.39,68.667,11581.08,3503.843,19472.622,9.357,8.162,9.877
Egypt,2021,Africa,0.882,0.731,0.666,0.755,0.773,0.771,0.776,0.72,0.539,0.798,0.702,0.711,0.695,13.786,13.845,13.732,9.573,9.802,9.42,70.221,72.608,67.935,11731.691,3536.065,19740.684,9.37,8.171,9.89
India,2000,Asia/Pacific,0.757,0.491,0.416,0.549,0.656,0.633,0.681,0.489,0.361,0.554,0.369,0.314,0.439,8.306,7.295,9.223,4.144,3.345,5.484,62.669,63.639,61.754,2552.805,1092.835,3914.737,7.845,6.997,8.273
India,2001,Asia/Pacific,0.759,0.496,0.42,0.553,0.663,0.64,0.686,0.494,0.367,0.558,0.372,0.314,0.441,8.337,7.371,9.21,4.221,3.284,5.566,63.091,64.131,62.114,2634.935,1137.134,4031.829,7.877,7.036,8.302
India,2002,Asia/Pacific,0.763,0.503,0.426,0.558,0.671,0.65,0.693,0.498,0.372,0.561,0.38,0.32,0.447,8.528,7.649,9.32,4.298,3.223,5.647,63.616,64.729,62.573,2694.231,1172.122,4113.613,7.899,7.067,8.322
India,2003,Asia/Pacific,0.78,0.516,0.442,0.567,0.678,0.658,0.7,0.506,0.382,0.57,0.399,0.345,0.457,9.122,8.613,9.583,4.375,3.162,5.729,64.094,65.287,62.981,2856.486,1252.675,4351.967,7.957,7.133,8.378
India,2004,Asia/Pacific,0.784,0.525,0.451,0.575,0.685,0.667,0.705,0.515,0.392,0.579,0.409,0.351,0.467,9.386,8.897,9.828,4.452,3.102,5.811,64.524,65.831,63.313,3034.451,1341.179,4613.349,8.018,7.201,8.437
India,2005,Asia/Pacific,0.787,0.534,0.459,0.584,0.692,0.675,0.711,0.525,0.402,0.588,0.419,0.356,0.476,9.65,9.182,10.073,4.529,3.041,5.892,64.996,66.379,63.719,3222.757,1435.304,4889.596,8.078,7.269,8.495
India,2006,Asia/Pacific,0.79,0.543,0.468,0.593,0.699,0.683,0.716,0.534,0.408,0.598,0.43,0.369,0.486,9.915,9.466,10.318,4.637,3.179,5.983,65.412,66.891,64.053,3426.918,1485.663,5237.45,8.139,7.304,8.564
India,2007,Asia/Pacific,0.793,0.553,0.477,0.601,0.704,0.69,0.721,0.543,0.413,0.608,0.441,0.381,0.496,10.179,9.75,10.564,4.744,3.318,6.073,65.788,67.342,64.365,3646.929,1537.808,5614.457,8.202,7.338,8.633
India,2008,Asia/Pacific,0.797,0.56,0.483,0.605,0.71,0.697,0.725,0.545,0.411,0.612,0.453,0.393,0.499,10.483,9.989,10.578,4.851,3.456,6.164,66.149,67.786,64.654,3698.176,1515.706,5734.682,8.216,7.324,8.654
India,2009,Asia/Pacific,0.803,0.565,0.491,0.611,0.716,0.703,0.73,0.555,0.416,0.622,0.455,0.404,0.503,10.419,10.227,10.592,4.958,3.594,6.254,66.513,68.215,64.962,3933.116,1565.894,6142.704,8.277,7.356,8.723
India,2010,Asia/Pacific,0.81,0.575,0.502,0.62,0.722,0.71,0.736,0.564,0.429,0.631,0.467,0.417,0.515,10.735,10.534,10.916,5.065,3.733,6.345,66.909,68.645,65.327,4189.433,1706.135,6508.156,8.34,7.442,8.781
India,2011,Asia/Pacific,0.813,0.588,0.513,0.632,0.729,0.717,0.743,0.57,0.428,0.638,0.49,0.441,0.531,11.294,11.018,11.297,5.302,4.045,6.526,67.359,69.106,65.765,4361.091,1702.89,6844.049,8.38,7.44,8.831
India,2012,Asia/Pacific,0.826,0.598,0.527,0.638,0.737,0.724,0.751,0.576,0.427,0.646,0.505,0.473,0.536,11.525,11.788,11.262,5.539,4.358,6.707,67.887,69.592,66.324,4529.016,1693.858,7178.31,8.418,7.435,8.879
India,2013,Asia/Pacific,0.831,0.607,0.536,0.646,0.746,0.732,0.761,0.583,0.434,0.653,0.513,0.486,0.541,11.541,11.893,11.227,5.776,4.67,6.888,68.46,70.083,66.961,4758.303,1764.422,7556.965,8.468,7.476,8.93
India,2014,Asia/Pacific,0.835,0.619,0.549,0.658,0.755,0.74,0.772,0.593,0.442,0.663,0.53,0.506,0.556,11.866,12.242,11.531,6.012,4.983,7.069,69.074,70.602,67.651,5056.666,1859.342,8046.441,8.528,7.528,8.993
India,2015,Asia/Pacific,0.838,0.629,0.559,0.667,0.764,0.747,0.781,0.603,0.45,0.673,0.54,0.519,0.564,11.947,12.331,11.603,6.249,5.295,7.25,69.636,71.077,68.285,5401.491,1969.744,8611.231,8.594,7.586,9.061
India,2016,Asia/Pacific,0.848,0.639,0.572,0.675,0.771,0.754,0.789,0.612,0.458,0.682,0.555,0.542,0.571,12.344,12.881,11.861,6.351,5.534,7.245,70.117,71.503,68.81,5732.914,2073.847,9155.967,8.654,7.637,9.122
India,2017,Asia/Pacific,0.851,0.644,0.577,0.678,0.776,0.759,0.795,0.621,0.467,0.692,0.553,0.544,0.567,12.163,12.64,11.734,6.452,5.773,7.239,70.467,71.856,69.16,6116.06,2194.915,9785.093,8.719,7.694,9.189
India,2018,Asia/Pacific,0.849,0.645,0.577,0.68,0.78,0.764,0.798,0.629,0.468,0.702,0.547,0.538,0.561,11.813,12.147,11.514,6.554,6.012,7.234,70.71,72.142,69.367,6449.186,2219.47,10407.975,8.772,7.705,9.25
India,2019,Asia/Pacific,0.852,0.645,0.579,0.679,0.783,0.768,0.8,0.634,0.475,0.706,0.54,0.532,0.555,11.464,11.654,11.293,6.655,6.252,7.229,70.91,72.395,69.526,6650.054,2318.929,10705.071,8.802,7.749,9.278
India,2020,Asia/Pacific,0.845,0.642,0.572,0.677,0.772,0.759,0.786,0.621,0.458,0.694,0.552,0.54,0.569,11.875,11.942,11.813,6.655,6.252,7.229,70.15,71.824,68.615,6107.494,2069.811,9889.767,8.717,7.635,9.199
India,2021,Asia/Pacific,0.849,0.633,0.567,0.668,0.727,0.714,0.742,0.633,0.472,0.705,0.552,0.54,0.569,11.875,11.942,11.813,6.655,6.252,7.229,67.24,68.886,65.756,6589.98,2277.266,10632.933,8.793,7.731,9.272
Mexico,2000,America,0.921,0.709,0.675,0.732,0.824,0.831,0.818,0.779,0.687,0.838,0.555,0.539,0.573,11.988,11.874,12.099,6.664,6.265,7.105,73.569,76.512,70.692,17380.343,9414.459,25691.025,9.763,9.15,10.154
Mexico,2001,America,0.921,0.712,0.678,0.736,0.829,0.834,0.825,0.777,0.683,0.836,0.561,0.547,0.578,12.027,11.974,12.081,6.82,6.424,7.262,73.867,76.685,71.098,17117.464,9185.291,25395.92,9.748,9.125,10.142
Mexico,2002,America,0.922,0.719,0.685,0.743,0.832,0.836,0.83,0.775,0.683,0.834,0.576,0.562,0.592,12.374,12.342,12.407,6.976,6.584,7.418,74.106,76.826,71.422,16899.501,9188.938,24944.859,9.735,9.126,10.124
Mexico,2003,America,0.925,0.725,0.692,0.748,0.835,0.837,0.833,0.775,0.685,0.833,0.589,0.577,0.603,12.655,12.686,12.62,7.132,6.744,7.575,74.274,76.921,71.653,16906.564,9323.385,24817.097,9.735,9.14,10.119
Mexico,2004,America,0.933,0.73,0.701,0.752,0.836,0.838,0.835,0.779,0.703,0.831,0.597,0.584,0.612,12.747,12.755,12.738,7.288,6.904,7.732,74.372,76.983,71.781,17372.441,10500.417,24539.346,9.763,9.259,10.108
Mexico,2005,America,0.939,0.733,0.707,0.753,0.837,0.838,0.835,0.779,0.707,0.83,0.605,0.596,0.615,12.8,12.809,12.788,7.485,7.199,7.803,74.377,76.986,71.782,17414.407,10789.112,24322.559,9.765,9.286,10.099
Mexico,2006,America,0.939,0.741,0.715,0.761,0.836,0.838,0.834,0.785,0.715,0.834,0.621,0.61,0.635,12.914,12.941,12.885,7.872,7.501,8.312,74.331,76.981,71.697,18033.149,11382.136,24967.26,9.8,9.34,10.125
Mexico,2007,America,0.941,0.743,0.717,0.762,0.834,0.838,0.831,0.786,0.716,0.835,0.625,0.614,0.637,13.032,13.083,12.979,7.882,7.528,8.3,74.238,76.956,71.54,18145.54,11458.442,25116.942,9.806,9.346,10.131
Mexico,2008,America,0.943,0.745,0.72,0.763,0.833,0.838,0.829,0.786,0.716,0.835,0.632,0.623,0.643,13.208,13.289,13.124,7.949,7.611,8.343,74.152,76.952,71.376,18132.723,11421.029,25130.124,9.805,9.343,10.132
Mexico,2009,America,0.948,0.745,0.722,0.761,0.833,0.838,0.827,0.775,0.711,0.821,0.64,0.632,0.649,13.268,13.379,13.156,8.137,7.805,8.517,74.119,76.993,71.273,16875.672,11040.686,22959.888,9.734,9.309,10.042
Mexico,2010,America,0.953,0.746,0.726,0.761,0.834,0.84,0.828,0.781,0.716,0.828,0.639,0.635,0.644,13.399,13.509,13.288,8.005,7.79,8.243,74.19,77.117,71.295,17575.831,11441.178,23973.257,9.774,9.345,10.085
Mexico,2011,America,0.954,0.752,0.731,0.767,0.836,0.843,0.83,0.784,0.721,0.829,0.648,0.643,0.654,13.444,13.563,13.32,8.247,7.995,8.532,74.365,77.311,71.451,17892.183,11818.044,24225.706,9.792,9.377,10.095
Mexico,2012,America,0.953,0.76,0.739,0.775,0.84,0.847,0.833,0.786,0.725,0.831,0.664,0.657,0.672,13.701,13.804,13.597,8.49,8.201,8.822,74.574,77.535,71.651,18233.045,12157.337,24566.867,9.811,9.406,10.109
Mexico,2013,America,0.951,0.76,0.738,0.775,0.842,0.849,0.836,0.785,0.717,0.833,0.664,0.659,0.67,13.872,13.954,13.788,8.357,8.147,8.598,74.739,77.706,71.814,18061.01,11518.496,24880.928,9.802,9.352,10.122
Mexico,2014,America,0.952,0.764,0.741,0.779,0.843,0.85,0.836,0.788,0.718,0.837,0.67,0.667,0.674,14.043,14.144,13.939,8.403,8.223,8.61,74.797,77.782,71.859,18423.543,11624.311,25511.04,9.821,9.361,10.147
Mexico,2015,America,0.954,0.768,0.747,0.782,0.841,0.849,0.834,0.791,0.722,0.839,0.681,0.679,0.684,14.197,14.346,14.042,8.602,8.408,8.819,74.682,77.692,71.723,18777.739,11931.8,25914.664,9.84,9.387,10.163
Mexico,2016,America,0.957,0.772,0.752,0.785,0.837,0.846,0.829,0.793,0.725,0.841,0.693,0.693,0.694,14.638,14.84,14.43,8.6,8.422,8.803,74.412,77.486,71.398,19021.831,12121.374,26216.909,9.853,9.403,10.174
Mexico,2017,America,0.959,0.775,0.755,0.787,0.833,0.843,0.824,0.794,0.725,0.843,0.703,0.704,0.703,14.81,15.04,14.576,8.742,8.576,8.935,74.138,77.303,71.044,19209.219,12165.274,26556.122,9.863,9.406,10.187
Mexico,2018,America,0.963,0.777,0.759,0.789,0.831,0.843,0.82,0.796,0.728,0.844,0.711,0.714,0.708,14.865,15.159,14.568,8.933,8.776,9.112,74.015,77.286,70.829,19385.892,12389.306,26687.26,9.872,9.425,10.192
Mexico,2019,America,0.971,0.779,0.765,0.788,0.834,0.847,0.822,0.793,0.734,0.837,0.715,0.72,0.711,14.864,15.212,14.514,9.077,8.937,9.235,74.202,77.574,70.931,19096.575,12898.995,25568.734,9.857,9.465,10.149
Mexico,2020,America,0.982,0.756,0.747,0.761,0.771,0.797,0.751,0.778,0.722,0.82,0.72,0.726,0.715,14.864,15.212,14.514,9.221,9.097,9.358,70.133,74.314,66.334,17234.781,11893.256,22821.181,9.755,9.384,10.035
Mexico,2021,America,0.989,0.758,0.753,0.761,0.773,0.806,0.747,0.784,0.729,0.825,0.72,0.726,0.715,14.864,15.212,14.514,9.221,9.097,9.358,70.213,74.864,66.056,17896.295,12455.766,23600.06,9.792,9.43,10.069
Nicaragua,2002,America,0.915,0.575,0.542,0.592,0.726,0.733,0.719,0.551,0.45,0.613,0.476,0.482,0.47,10.863,11.172,10.564,5.232,5.154,5.31,67.18,70.137,64.256,3849.815,1968.888,5782.773,8.256,7.585,8.663
Nicaragua,2003,America,0.921,0.578,0.546,0.593,0.726,0.734,0.72,0.554,0.455,0.614,0.48,0.488,0.472,10.905,11.233,10.588,5.308,5.286,5.33,67.217,70.179,64.3,3904.55,2033.439,5828.884,8.27,7.617,8.671
Nicaragua,2004,America,0.927,0.582,0.553,0.596,0.73,0.737,0.723,0.56,0.464,0.62,0.484,0.494,0.473,10.947,11.294,10.612,5.384,5.418,5.35,67.423,70.4,64.498,4076.77,2161.486,6048.06,8.313,7.679,8.707
Nicaragua,2005,America,0.934,0.588,0.561,0.6,0.737,0.745,0.731,0.566,0.473,0.625,0.487,0.5,0.474,10.99,11.355,10.636,5.46,5.55,5.37,67.936,70.937,64.985,4237.154,2286.972,6245.152,8.352,7.735,8.74
Nicaragua,2006,America,0.937,0.593,0.567,0.605,0.75,0.758,0.742,0.569,0.478,0.626,0.489,0.502,0.476,10.918,11.267,10.581,5.568,5.674,5.462,68.725,71.753,65.73,4320.551,2372.895,6325.981,8.371,7.772,8.752
Nicaragua,2007,America,0.938,0.599,0.574,0.612,0.762,0.771,0.754,0.575,0.487,0.632,0.49,0.504,0.48,10.846,11.178,10.526,5.676,5.798,5.634,69.56,72.591,66.54,4503.259,2516.278,6549.193,8.413,7.831,8.787
Nicaragua,2008,America,0.942,0.605,0.581,0.616,0.778,0.787,0.769,0.578,0.493,0.634,0.492,0.505,0.481,10.774,11.09,10.471,5.784,5.922,5.696,70.586,73.674,67.492,4595.486,2611.778,6638.052,8.433,7.868,8.801
Nicaragua,2009,America,0.944,0.606,0.583,0.617,0.791,0.801,0.781,0.57,0.487,0.625,0.494,0.507,0.481,10.702,11.001,10.416,5.892,6.046,5.758,71.433,74.545,68.297,4359.469,2519.009,6254.536,8.38,7.832,8.741
Nicaragua,2010,America,0.953,0.614,0.594,0.623,0.8,0.81,0.79,0.575,0.501,0.626,0.502,0.516,0.489,10.888,11.155,10.626,6.0,6.17,5.82,72.009,75.128,68.854,4501.692,2764.653,6290.254,8.412,7.925,8.747
Nicaragua,2011,America,0.955,0.622,0.603,0.631,0.806,0.816,0.796,0.582,0.511,0.632,0.512,0.525,0.499,11.074,11.309,10.837,6.136,6.324,5.936,72.416,75.528,69.263,4724.375,2945.776,6555.692,8.46,7.988,8.788
Nicaragua,2012,America,0.969,0.629,0.615,0.635,0.809,0.819,0.8,0.588,0.532,0.63,0.522,0.534,0.509,11.26,11.463,11.047,6.272,6.478,6.052,72.615,75.707,69.484,4901.974,3392.036,6456.62,8.497,8.129,8.773
Nicaragua,2013,America,0.958,0.634,0.616,0.643,0.811,0.819,0.802,0.592,0.525,0.639,0.532,0.544,0.518,11.446,11.617,11.258,6.408,6.632,6.168,72.704,75.763,69.613,5028.768,3227.751,6883.04,8.523,8.08,8.837
Nicaragua,2014,America,1.0,0.641,0.64,0.64,0.812,0.82,0.804,0.599,0.578,0.617,0.541,0.553,0.528,11.632,11.771,11.469,6.544,6.786,6.284,72.812,75.822,69.77,5257.846,4579.656,5956.053,8.567,8.429,8.692
Nicaragua,2015,America,0.96,0.647,0.63,0.656,0.815,0.822,0.808,0.603,0.539,0.649,0.551,0.563,0.538,11.827,11.932,11.692,6.68,6.94,6.4,72.983,75.925,70.005,5425.089,3555.051,7350.182,8.599,8.176,8.902
Nicaragua,2016,America,0.959,0.653,0.635,0.662,0.819,0.825,0.813,0.606,0.543,0.652,0.561,0.571,0.548,12.025,12.094,11.919,6.796,7.06,6.51,73.256,76.122,70.344,5535.712,3649.41,7477.332,8.619,8.202,8.92
Nicaragua,2017,America,0.958,0.659,0.641,0.669,0.824,0.829,0.818,0.611,0.548,0.656,0.57,0.58,0.558,12.227,12.259,12.151,6.912,7.18,6.62,73.554,76.367,70.686,5694.055,3774.518,7669.61,8.647,8.236,8.945
Nicaragua,2018,America,0.957,0.662,0.643,0.672,0.828,0.834,0.823,0.604,0.541,0.65,0.58,0.59,0.568,12.433,12.478,12.387,7.028,7.3,6.73,73.85,76.681,70.964,5452.437,3590.45,7368.524,8.604,8.186,8.905
Nicaragua,2019,America,0.956,0.664,0.645,0.675,0.832,0.838,0.824,0.599,0.535,0.645,0.589,0.599,0.579,12.641,12.655,12.628,7.144,7.42,6.84,74.054,77.001,71.066,5262.435,3441.798,7135.879,8.568,8.144,8.873
Nicaragua,2020,America,0.957,0.654,0.635,0.664,0.797,0.808,0.787,0.595,0.529,0.642,0.589,0.599,0.579,12.641,12.655,12.628,7.144,7.42,6.84,71.795,75.012,68.648,5137.138,3325.161,7002.017,8.544,8.109,8.854
Nicaragua,2021,America,0.956,0.667,0.648,0.678,0.828,0.835,0.821,0.609,0.543,0.655,0.589,0.599,0.579,12.641,12.655,12.628,7.144,7.42,6.84,73.837,76.803,70.836,5624.794,3646.341,7661.434,8.635,8.201,8.944
Norway,2000,Europe,0.988,0.913,0.905,0.916,0.903,0.906,0.899,0.953,0.916,0.983,0.884,0.894,0.869,17.498,18.0,16.838,11.927,11.812,12.048,78.692,81.375,75.951,54793.9,42917.006,66897.751,10.911,10.667,11.111
Norway,2001,Europe,0.99,0.911,0.905,0.915,0.906,0.908,0.903,0.955,0.919,0.984,0.875,0.889,0.861,17.086,17.738,16.459,12.002,11.899,12.11,78.896,81.519,76.211,55581.34,43785.918,67590.384,10.926,10.687,11.121
Norway,2002,Europe,0.991,0.912,0.906,0.915,0.907,0.907,0.906,0.951,0.917,0.98,0.878,0.894,0.862,17.105,17.806,16.429,12.077,11.987,12.172,78.961,81.456,76.4,54349.385,43339.654,65555.479,10.903,10.677,11.091
Norway,2003,Europe,0.988,0.919,0.911,0.922,0.916,0.914,0.916,0.952,0.918,0.981,0.891,0.902,0.874,17.48,18.0,16.766,12.152,12.074,12.234,79.529,81.93,77.034,54727.051,43477.362,66174.035,10.91,10.68,11.1
Norway,2004,Europe,0.987,0.927,0.918,0.93,0.923,0.92,0.923,0.962,0.928,0.99,0.897,0.905,0.879,17.62,18.0,16.884,12.227,12.161,12.297,79.965,82.325,77.502,58228.025,46477.416,70178.825,10.972,10.747,11.159
Norway,2005,Europe,0.989,0.931,0.924,0.934,0.926,0.923,0.926,0.975,0.94,1.0,0.895,0.907,0.878,17.49,18.0,16.804,12.282,12.22,12.346,80.17,82.512,77.72,63543.378,50511.294,76787.195,11.059,10.83,11.249
Norway,2006,Europe,0.99,0.937,0.928,0.937,0.93,0.925,0.933,0.983,0.948,1.0,0.901,0.911,0.883,17.591,18.0,16.901,12.366,12.336,12.398,80.441,82.657,78.125,67037.929,53328.089,80942.909,11.113,10.884,11.301
Norway,2007,Europe,0.991,0.938,0.93,0.938,0.931,0.926,0.934,0.984,0.95,1.0,0.901,0.913,0.883,17.562,18.0,16.894,12.409,12.394,12.425,80.503,82.675,78.232,67351.252,53956.106,80881.888,11.118,10.896,11.301
Norway,2008,Europe,0.997,0.94,0.935,0.937,0.934,0.93,0.936,0.99,0.957,1.0,0.899,0.917,0.88,17.387,18.0,16.726,12.482,12.498,12.466,80.678,82.958,78.316,70347.803,56559.94,84213.949,11.161,10.943,11.341
Norway,2009,Europe,0.998,0.936,0.935,0.936,0.936,0.932,0.94,0.975,0.955,0.992,0.899,0.917,0.88,17.367,18.0,16.683,12.503,12.522,12.483,80.867,83.062,78.597,63550.166,55801.496,71321.205,11.06,10.93,11.175
Norway,2010,Europe,0.996,0.941,0.937,0.941,0.939,0.933,0.944,0.978,0.959,0.996,0.906,0.919,0.886,17.549,18.0,16.871,12.55,12.583,12.515,81.04,83.156,78.846,64988.875,57058.039,72925.163,11.082,10.952,11.197
Norway,2011,Europe,0.997,0.944,0.941,0.944,0.942,0.937,0.946,0.983,0.964,1.0,0.908,0.922,0.888,17.569,18.0,16.915,12.606,12.655,12.556,81.243,83.434,79.001,67037.829,59166.519,74888.161,11.113,10.988,11.224
Norway,2012,Europe,0.997,0.946,0.943,0.945,0.945,0.937,0.952,0.986,0.968,1.0,0.907,0.923,0.886,17.475,18.0,16.803,12.642,12.692,12.591,81.444,83.413,79.411,68432.679,60665.973,76149.472,11.134,11.013,11.24
Norway,2013,Europe,0.995,0.949,0.944,0.949,0.949,0.94,0.956,0.986,0.968,1.0,0.914,0.924,0.894,17.69,18.0,17.02,12.678,12.729,12.626,81.667,83.615,79.661,68383.258,60656.129,76040.249,11.133,11.013,11.239
Norway,2014,Europe,0.997,0.952,0.949,0.952,0.955,0.948,0.962,0.987,0.973,1.0,0.915,0.926,0.896,17.683,18.0,17.081,12.714,12.767,12.661,82.086,84.095,80.021,68778.776,62697.403,74792.281,11.139,11.046,11.222
Norway,2015,Europe,0.993,0.953,0.947,0.954,0.958,0.948,0.967,0.982,0.965,0.997,0.92,0.928,0.9,17.784,18.0,17.148,12.771,12.836,12.704,82.272,84.132,80.359,66756.614,59670.417,73750.452,11.109,10.997,11.208
Norway,2016,Europe,0.99,0.955,0.946,0.956,0.96,0.949,0.971,0.978,0.961,0.993,0.926,0.93,0.905,17.969,18.0,17.297,12.819,12.902,12.734,82.415,84.159,80.613,64795.49,57825.181,71665.093,11.079,10.965,11.18
Norway,2017,Europe,0.989,0.959,0.95,0.961,0.963,0.95,0.976,0.982,0.965,0.996,0.932,0.935,0.912,18.0,18.0,17.414,12.947,13.047,12.845,82.624,84.273,80.916,66403.547,59616.082,73087.505,11.104,10.996,11.199
Norway,2018,Europe,0.99,0.962,0.954,0.963,0.966,0.954,0.977,0.987,0.971,1.0,0.933,0.936,0.914,18.0,18.0,17.463,12.975,13.091,12.858,82.761,84.483,81.003,68999.196,62005.769,75884.054,11.142,11.035,11.237
Norway,2019,Europe,0.99,0.961,0.954,0.963,0.969,0.957,0.98,0.982,0.967,0.995,0.933,0.938,0.916,18.0,18.0,17.525,13.004,13.135,12.87,82.955,84.694,81.177,66481.782,60139.457,72721.093,11.105,11.004,11.194
Norway,2020,Europe,0.99,0.959,0.952,0.961,0.972,0.96,0.984,0.973,0.958,0.986,0.933,0.938,0.916,18.0,18.0,17.525,13.004,13.135,12.87,83.195,84.885,81.474,62572.935,56713.586,68332.083,11.044,10.946,11.132
Norway,2021,Europe,0.983,0.961,0.95,0.966,0.973,0.96,0.986,0.978,0.952,0.999,0.933,0.938,0.916,18.0,18.0,17.525,13.004,13.135,12.87,83.234,84.879,81.562,64660.106,54699.446,74444.991,11.077,10.91,11.218
Pakistan,2000,Asia/Pacific,0.647,0.441,0.333,0.515,0.648,0.625,0.673,0.522,0.312,0.602,0.253,0.19,0.338,5.169,4.578,6.679,3.287,1.892,4.571,62.102,63.124,61.237,3160.711,788.287,5380.751,8.059,6.67,8.591
Pakistan,2001,Asia/Pacific,0.654,0.448,0.342,0.522,0.653,0.632,0.676,0.523,0.313,0.603,0.263,0.201,0.349,5.224,4.735,6.732,3.536,2.092,4.872,62.421,63.575,61.441,3183.551,796.412,5419.481,8.066,6.68,8.598
Pakistan,2002,Asia/Pacific,0.658,0.454,0.348,0.529,0.656,0.633,0.681,0.523,0.314,0.603,0.273,0.212,0.361,5.278,4.892,6.784,3.786,2.292,5.172,62.626,63.65,61.749,3178.952,797.801,5410.529,8.064,6.682,8.596
Pakistan,2003,Asia/Pacific,0.67,0.462,0.36,0.537,0.659,0.638,0.683,0.528,0.326,0.608,0.283,0.223,0.372,5.332,5.049,6.837,4.035,2.493,5.472,62.843,63.967,61.874,3303.055,867.765,5586.285,8.103,6.766,8.628
Pakistan,2004,Asia/Pacific,0.662,0.475,0.361,0.545,0.662,0.645,0.683,0.536,0.311,0.619,0.302,0.234,0.384,5.742,5.206,6.889,4.284,2.693,5.772,63.052,64.409,61.881,3485.41,786.02,6017.702,8.156,6.667,8.702
Pakistan,2005,Asia/Pacific,0.695,0.484,0.381,0.548,0.653,0.638,0.672,0.543,0.354,0.62,0.32,0.245,0.395,6.094,5.363,6.942,4.533,2.893,6.072,62.466,63.967,61.171,3631.121,1039.345,6064.064,8.197,6.946,8.71
Pakistan,2006,Asia/Pacific,0.694,0.493,0.385,0.554,0.673,0.664,0.686,0.548,0.344,0.628,0.325,0.25,0.395,6.281,5.52,6.994,4.521,2.885,6.036,63.731,65.653,62.076,3761.372,975.543,6378.787,8.233,6.883,8.761
Pakistan,2007,Asia/Pacific,0.695,0.499,0.388,0.559,0.675,0.671,0.683,0.551,0.339,0.632,0.334,0.258,0.404,6.714,5.984,7.397,4.411,2.747,5.945,63.852,66.103,61.92,3838.638,941.028,6564.281,8.253,6.847,8.789
Pakistan,2008,Asia/Pacific,0.693,0.498,0.386,0.557,0.677,0.677,0.683,0.55,0.334,0.632,0.33,0.254,0.4,6.732,6.024,7.393,4.3,2.609,5.854,64.036,66.5,61.922,3820.418,913.177,6558.855,8.248,6.817,8.789
Pakistan,2009,Asia/Pacific,0.724,0.502,0.404,0.558,0.679,0.677,0.686,0.551,0.366,0.628,0.338,0.266,0.405,6.818,6.182,7.41,4.466,2.839,5.962,64.14,66.531,62.073,3829.372,1124.911,6380.599,8.25,7.025,8.761
Pakistan,2010,Asia/Pacific,0.727,0.505,0.408,0.562,0.684,0.683,0.689,0.551,0.371,0.627,0.342,0.269,0.41,6.814,6.158,7.423,4.595,2.933,6.101,64.436,66.889,62.309,3835.513,1166.826,6356.858,8.252,7.062,8.757
Pakistan,2011,Asia/Pacific,0.727,0.508,0.411,0.565,0.687,0.686,0.693,0.552,0.371,0.629,0.347,0.273,0.415,6.809,6.134,7.436,4.721,3.067,6.247,64.648,67.066,62.539,3873.461,1167.833,6433.495,8.262,7.063,8.769
Pakistan,2012,Asia/Pacific,0.76,0.513,0.43,0.565,0.689,0.688,0.695,0.554,0.403,0.625,0.353,0.286,0.416,6.92,6.239,7.551,4.818,3.393,6.182,64.782,67.194,62.666,3924.48,1444.877,6273.738,8.275,7.276,8.744
Pakistan,2013,Asia/Pacific,0.741,0.518,0.424,0.572,0.695,0.694,0.7,0.557,0.376,0.634,0.359,0.293,0.422,6.979,6.283,7.623,4.958,3.542,6.315,65.15,67.616,62.979,4006.328,1203.998,6664.53,8.296,7.093,8.805
Pakistan,2014,Asia/Pacific,0.746,0.527,0.433,0.58,0.697,0.696,0.702,0.561,0.376,0.639,0.375,0.31,0.436,7.297,6.655,7.89,5.163,3.763,6.503,65.284,67.718,63.129,4105.229,1204.297,6860.093,8.32,7.094,8.833
Pakistan,2015,Asia/Pacific,0.754,0.534,0.442,0.587,0.703,0.703,0.708,0.565,0.389,0.641,0.383,0.316,0.446,7.584,6.875,8.241,5.163,3.763,6.503,65.697,68.169,63.502,4207.01,1316.673,6963.566,8.345,7.183,8.848
Pakistan,2016,Asia/Pacific,0.775,0.541,0.46,0.593,0.706,0.705,0.711,0.569,0.42,0.641,0.394,0.327,0.457,7.989,7.273,8.653,5.163,3.763,6.503,65.88,68.325,63.684,4337.278,1615.461,6952.511,8.375,7.387,8.847
Pakistan,2017,Asia/Pacific,0.754,0.543,0.449,0.595,0.712,0.713,0.716,0.575,0.383,0.655,0.391,0.331,0.451,7.932,7.243,8.571,5.115,3.902,6.378,66.297,68.816,64.02,4495.951,1265.004,7620.381,8.411,7.143,8.939
Pakistan,2018,Asia/Pacific,0.767,0.545,0.455,0.593,0.715,0.715,0.719,0.58,0.386,0.661,0.391,0.341,0.438,8.276,7.579,8.922,4.826,3.899,5.707,66.482,68.959,64.222,4657.88,1287.121,7933.506,8.446,7.16,8.979
Pakistan,2019,Asia/Pacific,0.798,0.546,0.468,0.586,0.719,0.717,0.725,0.578,0.402,0.656,0.392,0.355,0.423,8.658,8.103,9.173,4.536,3.896,5.035,66.756,69.096,64.595,4603.557,1428.283,7701.937,8.435,7.264,8.949
Pakistan,2020,Asia/Pacific,0.809,0.543,0.47,0.581,0.712,0.713,0.715,0.574,0.411,0.649,0.392,0.355,0.423,8.658,8.103,9.173,4.536,3.896,5.035,66.27,68.825,63.945,4467.236,1516.654,7355.255,8.405,7.324,8.903
Pakistan,2021,Asia/Pacific,0.81,0.544,0.471,0.582,0.709,0.71,0.712,0.579,0.416,0.655,0.392,0.355,0.423,8.658,8.103,9.173,4.536,3.896,5.035,66.098,68.623,63.787,4623.705,1569.38,7619.735,8.439,7.358,8.938
Russian Federation,2005,Europe,1.05,0.764,0.783,0.746,0.709,0.779,0.648,0.797,0.76,0.831,0.791,0.811,0.771,13.752,14.333,13.19,12.267,12.395,12.125,66.075,73.15,59.65,19541.549,15324.393,24420.018,9.88,9.637,10.103
Russian Federation,2010,Europe,1.032,0.796,0.808,0.783,0.76,0.813,0.708,0.823,0.79,0.854,0.808,0.822,0.794,14.185,14.713,13.676,12.414,12.406,12.423,69.386,75.324,63.534,23185.286,18636.959,28473.379,10.051,9.833,10.257
Russian Federation,2011,Europe,1.03,0.808,0.819,0.795,0.775,0.826,0.724,0.829,0.796,0.86,0.821,0.835,0.807,14.645,15.164,14.145,12.421,12.418,12.425,70.398,76.191,64.586,24157.056,19450.291,29624.33,10.092,9.876,10.296
Russian Federation,2012,Europe,1.026,0.811,0.82,0.8,0.781,0.829,0.732,0.834,0.802,0.865,0.819,0.831,0.808,14.572,14.984,14.176,12.439,12.445,12.433,70.77,76.377,65.089,25053.793,20174.458,30714.539,10.129,9.912,10.332
Russian Federation,2013,Europe,1.023,0.817,0.825,0.806,0.789,0.835,0.742,0.836,0.803,0.867,0.826,0.837,0.815,14.755,15.151,14.377,12.476,12.477,12.474,71.303,76.756,65.723,25335.325,20342.004,31120.643,10.14,9.92,10.346
Russian Federation,2014,Europe,1.02,0.818,0.825,0.809,0.793,0.838,0.746,0.835,0.802,0.866,0.827,0.835,0.819,14.772,15.079,14.478,12.492,12.491,12.493,71.566,76.995,66.01,25127.727,20157.94,30879.379,10.132,9.911,10.338
Russian Federation,2015,Europe,1.018,0.824,0.83,0.815,0.802,0.845,0.756,0.833,0.799,0.864,0.838,0.847,0.829,15.129,15.448,14.825,12.533,12.536,12.529,72.101,77.42,66.612,24770.752,19820.678,30494.927,10.117,9.894,10.325
Russian Federation,2016,Europe,1.017,0.828,0.833,0.82,0.81,0.852,0.765,0.833,0.799,0.864,0.841,0.85,0.833,15.206,15.507,14.92,12.564,12.566,12.562,72.661,77.884,67.224,24798.293,19859.551,30505.072,10.119,9.896,10.326
Russian Federation,2017,Europe,1.005,0.833,0.832,0.829,0.821,0.859,0.779,0.835,0.793,0.873,0.842,0.847,0.836,15.027,15.259,14.805,12.723,12.7,12.756,73.374,78.333,68.125,25233.843,18992.198,32440.345,10.136,9.852,10.387
Russian Federation,2018,Europe,1.011,0.841,0.844,0.835,0.824,0.861,0.782,0.84,0.807,0.871,0.86,0.866,0.856,15.707,15.921,15.503,12.724,12.706,12.75,73.531,78.471,68.307,25977.612,20908.3,31825.922,10.165,9.948,10.368
Russian Federation,2019,Europe,1.003,0.845,0.844,0.841,0.83,0.866,0.789,0.842,0.8,0.879,0.864,0.869,0.859,15.766,15.978,15.564,12.774,12.753,12.806,73.933,78.768,68.788,26317.806,19962.204,33644.913,10.178,9.902,10.424
Russian Federation,2020,Europe,1.013,0.83,0.835,0.824,0.79,0.829,0.749,0.839,0.807,0.869,0.864,0.869,0.859,15.766,15.978,15.564,12.774,12.753,12.806,71.342,76.387,66.172,25837.998,20870.36,31564.331,10.16,9.946,10.36
Russian Federation,2021,Europe,1.016,0.822,0.828,0.815,0.76,0.804,0.719,0.847,0.814,0.877,0.864,0.869,0.859,15.766,15.978,15.564,12.774,12.753,12.806,69.419,74.773,64.209,27166.309,21857.332,33288.06,10.21,9.992,10.413
Saudi Arabia,2000,Asia/Pacific,0.848,0.737,0.656,0.773,0.807,0.798,0.825,0.913,0.705,0.98,0.544,0.501,0.571,11.583,11.915,11.275,6.669,5.112,7.741,72.467,74.394,71.128,42183.119,10607.788,65844.638,10.65,9.269,11.095
Saudi Arabia,2001,Asia/Pacific,0.849,0.744,0.662,0.779,0.815,0.802,0.835,0.908,0.696,0.975,0.557,0.519,0.581,11.804,12.088,11.538,6.883,5.508,7.82,72.974,74.62,71.774,40741.545,10050.561,63745.737,10.615,9.215,11.063
Saudi Arabia,2002,Asia/Pacific,0.853,0.75,0.668,0.783,0.821,0.807,0.84,0.899,0.687,0.967,0.571,0.537,0.591,12.03,12.263,11.808,7.096,5.903,7.899,73.337,74.94,72.128,38447.685,9455.267,60190.357,10.557,9.154,11.005
Saudi Arabia,2003,Asia/Pacific,0.86,0.76,0.681,0.792,0.825,0.811,0.844,0.91,0.702,0.978,0.584,0.556,0.602,12.26,12.44,12.084,7.31,6.298,7.979,73.628,75.22,72.388,41423.594,10436.828,64694.135,10.632,9.253,11.077
Saudi Arabia,2004,Asia/Pacific,0.869,0.77,0.696,0.8,0.833,0.822,0.85,0.918,0.713,0.985,0.598,0.574,0.612,12.494,12.62,12.366,7.524,6.694,8.058,74.153,75.953,72.728,43532.23,11228.846,67891.053,10.681,9.326,11.126
Saudi Arabia,2005,Asia/Pacific,0.87,0.78,0.705,0.81,0.84,0.826,0.858,0.922,0.721,0.989,0.612,0.587,0.628,12.733,12.803,12.655,7.761,6.95,8.282,74.588,76.211,73.269,44734.863,11859.35,69562.314,10.709,9.381,11.15
Saudi Arabia,2006,Asia/Pacific,0.871,0.787,0.713,0.818,0.843,0.83,0.862,0.922,0.727,0.988,0.626,0.6,0.643,12.95,12.947,12.958,7.999,7.207,8.506,74.81,76.425,73.526,44807.126,12291.657,69285.72,10.71,9.417,11.146
Saudi Arabia,2007,Asia/Pacific,0.867,0.794,0.717,0.826,0.847,0.832,0.867,0.922,0.723,0.988,0.64,0.612,0.659,13.167,13.091,13.26,8.237,7.464,8.73,75.046,76.61,73.829,44629.109,11953.192,69145.083,10.706,9.389,11.144
Saudi Arabia,2008,Asia/Pacific,0.866,0.802,0.724,0.836,0.85,0.836,0.871,0.927,0.726,0.993,0.655,0.625,0.675,13.404,13.235,13.563,8.474,7.72,8.954,75.274,76.84,74.095,46324.437,12219.438,71820.704,10.743,9.411,11.182
Saudi Arabia,2009,Asia/Pacific,0.874,0.807,0.734,0.84,0.853,0.837,0.874,0.92,0.741,0.982,0.669,0.638,0.691,13.64,13.379,13.866,8.712,7.977,9.178,75.431,76.932,74.334,44059.173,13544.801,66789.046,10.693,9.514,11.109
Saudi Arabia,2010,Asia/Pacific,0.873,0.816,0.742,0.849,0.858,0.847,0.877,0.922,0.733,0.986,0.687,0.657,0.708,13.997,13.756,14.204,8.949,8.234,9.402,75.763,77.572,74.519,44723.274,12797.474,68474.518,10.708,9.457,11.134
Saudi Arabia,2011,Asia/Pacific,0.887,0.828,0.763,0.861,0.865,0.851,0.887,0.932,0.772,0.992,0.705,0.676,0.725,14.353,14.132,14.542,9.187,8.49,9.626,76.234,77.833,75.124,47852.017,16616.316,71128.829,10.776,9.718,11.172
Saudi Arabia,2012,Asia/Pacific,0.892,0.837,0.775,0.869,0.869,0.855,0.89,0.935,0.783,0.994,0.723,0.695,0.742,14.71,14.509,14.88,9.425,8.747,9.85,76.461,78.084,75.33,48932.664,17835.125,72156.611,10.798,9.789,11.187
Saudi Arabia,2013,Asia/Pacific,0.891,0.845,0.781,0.877,0.871,0.858,0.892,0.935,0.777,0.995,0.741,0.714,0.759,15.066,14.885,15.218,9.662,9.004,10.074,76.626,78.254,75.487,48894.561,17182.328,72620.08,10.797,9.752,11.193
Saudi Arabia,2014,Asia/Pacific,0.894,0.852,0.789,0.882,0.873,0.86,0.894,0.937,0.782,0.996,0.755,0.73,0.772,15.423,15.262,15.556,9.802,9.19,10.185,76.757,78.393,75.611,49392.352,17713.001,73131.7,10.808,9.782,11.2
Saudi Arabia,2015,Asia/Pacific,0.895,0.859,0.795,0.889,0.876,0.862,0.896,0.939,0.781,0.999,0.77,0.747,0.785,15.779,15.638,15.894,9.941,9.376,10.296,76.919,78.556,75.766,50124.99,17561.979,74365.405,10.822,9.773,11.217
Saudi Arabia,2016,Asia/Pacific,0.9,0.864,0.804,0.893,0.878,0.865,0.898,0.938,0.786,0.995,0.784,0.764,0.798,16.136,16.015,16.233,10.081,9.562,10.407,77.064,78.716,75.861,49681.687,18171.777,72753.044,10.813,9.808,11.195
Saudi Arabia,2017,Asia/Pacific,0.898,0.86,0.798,0.889,0.879,0.866,0.899,0.933,0.778,0.99,0.775,0.755,0.788,15.63,15.48,15.764,10.22,9.747,10.517,77.161,78.796,75.917,48041.173,17200.698,70383.021,10.78,9.753,11.162
Saudi Arabia,2018,Asia/Pacific,0.91,0.865,0.811,0.891,0.88,0.868,0.899,0.933,0.793,0.988,0.788,0.774,0.797,15.675,15.764,15.594,10.584,10.077,10.902,77.212,78.911,75.922,48123.753,19099.628,69079.758,10.782,9.857,11.143
Saudi Arabia,2019,Asia/Pacific,0.914,0.873,0.822,0.899,0.882,0.868,0.901,0.931,0.808,0.982,0.81,0.792,0.822,16.026,16.012,16.061,10.947,10.407,11.286,77.304,78.91,76.07,47494.887,21022.606,66541.32,10.768,9.953,11.106
Saudi Arabia,2020,Asia/Pacific,0.918,0.87,0.823,0.896,0.865,0.854,0.884,0.924,0.807,0.973,0.825,0.808,0.836,16.135,16.203,16.103,11.311,10.736,11.67,76.239,77.992,74.966,45232.211,20900.314,62834.728,10.72,9.948,11.048
Saudi Arabia,2021,Asia/Pacific,0.917,0.875,0.826,0.901,0.876,0.866,0.894,0.927,0.805,0.978,0.825,0.808,0.836,16.135,16.203,16.103,11.311,10.736,11.67,76.936,78.771,75.59,46111.551,20677.976,64708.424,10.739,9.937,11.078
Slovakia,2000,Europe,0.985,0.763,0.756,0.768,0.818,0.843,0.792,0.778,0.734,0.813,0.7,0.698,0.702,13.248,13.353,13.147,9.949,9.813,10.106,73.141,77.297,68.999,17209.862,12904.613,21765.978,9.753,9.465,9.988
Slovakia,2001,Europe,0.987,0.77,0.764,0.774,0.824,0.849,0.8,0.783,0.739,0.818,0.709,0.711,0.708,13.217,13.354,13.085,10.258,10.191,10.341,73.573,77.655,69.472,17773.247,13312.683,22495.65,9.785,9.496,10.021
Slovakia,2002,Europe,0.986,0.779,0.772,0.783,0.827,0.849,0.804,0.789,0.746,0.824,0.725,0.727,0.724,13.519,13.68,13.364,10.482,10.403,10.577,73.767,77.693,69.79,18527.945,13927.839,23397.507,9.827,9.542,10.06
Slovakia,2003,Europe,0.987,0.784,0.777,0.788,0.828,0.851,0.805,0.79,0.746,0.825,0.738,0.74,0.737,13.723,13.895,13.557,10.706,10.615,10.814,73.82,77.79,69.808,18631.459,14001.797,23531.87,9.833,9.547,10.066
Slovakia,2004,Europe,0.986,0.794,0.787,0.798,0.834,0.854,0.813,0.799,0.755,0.834,0.751,0.754,0.749,13.935,14.164,13.713,10.93,10.827,11.05,74.219,78.023,70.328,19792.481,14838.307,25034.841,9.893,9.605,10.128
Slovakia,2005,Europe,0.987,0.803,0.796,0.806,0.833,0.855,0.811,0.81,0.765,0.847,0.766,0.771,0.763,14.203,14.493,13.922,11.154,11.039,11.286,74.157,78.083,70.183,21390.486,15789.837,27314.493,9.971,9.667,10.215
Slovakia,2006,Europe,0.99,0.812,0.806,0.814,0.837,0.86,0.814,0.821,0.774,0.858,0.78,0.788,0.773,14.429,14.858,14.014,11.378,11.251,11.523,74.417,78.374,70.409,22887.134,16789.023,29335.088,10.038,9.728,10.287
Slovakia,2007,Europe,0.992,0.823,0.817,0.824,0.838,0.859,0.817,0.835,0.788,0.872,0.796,0.806,0.787,14.732,15.275,14.205,11.602,11.463,11.759,74.495,78.347,70.581,25119.492,18477.197,32140.333,10.131,9.824,10.378
Slovakia,2008,Europe,0.996,0.831,0.827,0.831,0.844,0.867,0.82,0.842,0.796,0.88,0.807,0.821,0.795,14.875,15.533,14.237,11.826,11.675,11.995,74.864,78.857,70.827,26434.846,19446.27,33819.043,10.182,9.875,10.429
Slovakia,2009,Europe,0.994,0.833,0.829,0.834,0.849,0.869,0.829,0.834,0.79,0.871,0.817,0.831,0.804,14.947,15.64,14.276,12.05,11.887,12.232,75.217,78.959,71.386,25056.6,18647.738,31823.977,10.129,9.833,10.368
Slovakia,2010,Europe,0.993,0.84,0.835,0.841,0.854,0.872,0.834,0.84,0.797,0.875,0.826,0.838,0.815,14.993,15.639,14.37,12.274,12.099,12.468,75.495,79.157,71.736,26036.876,19613.327,32814.591,10.167,9.884,10.399
Slovakia,2011,Europe,0.989,0.844,0.838,0.847,0.862,0.88,0.842,0.84,0.793,0.877,0.832,0.843,0.822,14.948,15.564,14.355,12.498,12.311,12.705,76.017,79.668,72.257,26028.313,19101.919,33331.048,10.167,9.858,10.414
Slovakia,2012,Europe,0.989,0.845,0.838,0.848,0.864,0.881,0.846,0.843,0.797,0.88,0.828,0.839,0.818,14.951,15.55,14.374,12.377,12.208,12.562,76.175,79.753,72.484,26525.605,19551.017,33872.812,10.186,9.881,10.43
Slovakia,2013,Europe,0.99,0.848,0.841,0.85,0.869,0.884,0.852,0.844,0.801,0.88,0.83,0.84,0.82,14.933,15.533,14.355,12.442,12.271,12.629,76.512,79.978,72.906,26771.667,20110.727,33783.949,10.195,9.909,10.428
Slovakia,2014,Europe,0.989,0.849,0.842,0.852,0.875,0.889,0.858,0.848,0.804,0.883,0.826,0.837,0.817,14.804,15.372,14.258,12.444,12.286,12.616,76.847,80.31,73.245,27334.584,20426.629,34603.245,10.216,9.925,10.452
Slovakia,2015,Europe,0.991,0.851,0.845,0.853,0.872,0.886,0.855,0.853,0.811,0.886,0.829,0.84,0.819,14.677,15.226,14.151,12.638,12.517,12.771,76.649,80.108,73.089,28268.826,21530.888,35353.046,10.25,9.977,10.473
Slovakia,2016,Europe,0.99,0.854,0.848,0.856,0.88,0.893,0.865,0.854,0.814,0.887,0.827,0.838,0.818,14.532,15.026,14.059,12.712,12.62,12.812,77.215,80.547,73.743,28602.608,21957.117,35582.802,10.261,9.997,10.48
Slovakia,2017,Europe,0.991,0.856,0.85,0.858,0.88,0.893,0.865,0.859,0.82,0.892,0.828,0.84,0.817,14.487,14.992,14.005,12.766,12.692,12.847,77.219,80.572,73.754,29516.5,22733.05,36635.526,10.293,10.032,10.509
Slovakia,2018,Europe,0.991,0.859,0.853,0.861,0.881,0.894,0.867,0.864,0.824,0.898,0.831,0.843,0.82,14.481,14.979,14.005,12.866,12.811,12.927,77.264,80.604,73.832,30556.829,23407.959,38053.464,10.327,10.061,10.547
Slovakia,2019,Europe,0.993,0.862,0.858,0.864,0.887,0.9,0.873,0.867,0.829,0.899,0.834,0.846,0.822,14.513,15.019,14.031,12.911,12.868,12.959,77.685,81.01,74.265,31112.825,24234.688,38321.042,10.345,10.096,10.554
Slovakia,2020,Europe,0.994,0.857,0.853,0.858,0.877,0.89,0.863,0.861,0.824,0.892,0.834,0.846,0.822,14.513,15.019,14.031,12.911,12.868,12.959,77.005,80.36,73.595,29801.093,23339.847,36571.107,10.302,10.058,10.507
Slovakia,2021,Europe,0.999,0.848,0.847,0.848,0.845,0.86,0.831,0.865,0.833,0.893,0.834,0.846,0.822,14.513,15.019,14.031,12.911,12.868,12.959,74.91,78.431,71.495,30690.486,24848.668,36813.1,10.332,10.121,10.514
Switzerland,2000,Europe,0.947,0.887,0.857,0.905,0.921,0.924,0.914,0.976,0.928,1.0,0.777,0.734,0.811,15.22,14.837,15.598,10.637,9.663,11.325,79.834,82.557,76.918,63978.247,46643.51,82117.019,11.066,10.75,11.316
Switzerland,2001,Europe,0.949,0.89,0.862,0.908,0.927,0.93,0.921,0.974,0.928,1.0,0.782,0.742,0.814,15.237,14.889,15.576,10.751,9.842,11.443,80.251,82.954,77.349,62986.748,46621.61,80110.769,11.051,10.75,11.291
Switzerland,2002,Europe,0.948,0.89,0.862,0.909,0.93,0.93,0.927,0.972,0.928,1.0,0.779,0.743,0.811,15.024,14.718,15.329,10.864,10.021,11.562,80.443,82.948,77.731,62426.867,46683.026,78889.006,11.042,10.751,11.276
Switzerland,2003,Europe,0.951,0.895,0.868,0.913,0.931,0.93,0.929,0.978,0.934,1.0,0.787,0.753,0.819,15.163,14.866,15.458,10.978,10.199,11.68,80.532,82.979,77.886,64688.802,48421.207,81678.554,11.077,10.788,11.311
Switzerland,2004,Europe,0.953,0.901,0.875,0.918,0.939,0.938,0.937,0.98,0.936,1.0,0.794,0.762,0.825,15.263,14.967,15.554,11.092,10.378,11.799,81.053,83.47,78.432,65556.807,49203.003,82617.067,11.091,10.804,11.322
Switzerland,2005,Europe,0.957,0.905,0.88,0.92,0.942,0.941,0.94,0.985,0.943,1.0,0.798,0.768,0.829,15.265,14.996,15.531,11.205,10.557,11.917,81.234,83.695,78.576,67985.551,51484.502,85177.935,11.127,10.849,11.352
Switzerland,2006,Europe,0.958,0.914,0.89,0.929,0.947,0.944,0.947,0.988,0.947,1.0,0.817,0.789,0.846,15.325,15.081,15.567,11.739,11.112,12.423,81.546,83.844,79.032,69488.945,52668.174,86990.927,11.149,10.872,11.374
Switzerland,2007,Europe,0.958,0.92,0.896,0.936,0.949,0.945,0.95,0.983,0.941,1.0,0.835,0.809,0.863,15.351,15.139,15.561,12.272,11.667,12.928,81.699,83.95,79.247,66954.051,50663.746,83863.754,11.112,10.833,11.337
Switzerland,2008,Europe,0.957,0.926,0.903,0.944,0.953,0.949,0.955,0.974,0.934,1.0,0.854,0.83,0.88,15.388,15.212,15.564,12.806,12.222,13.434,81.966,84.172,79.567,63027.037,48459.948,78097.773,11.051,10.788,11.266
Switzerland,2009,Europe,0.961,0.936,0.913,0.95,0.954,0.949,0.956,0.982,0.943,1.0,0.874,0.851,0.898,15.457,15.319,15.594,13.339,12.778,13.939,81.985,84.177,79.624,66727.655,51499.75,82446.096,11.108,10.849,11.32
Switzerland,2010,Europe,0.965,0.942,0.92,0.953,0.958,0.952,0.962,0.992,0.954,1.0,0.878,0.858,0.9,15.629,15.514,15.743,13.324,12.806,13.873,82.283,84.36,80.023,71188.419,55188.3,87677.798,11.173,10.919,11.381
Switzerland,2011,Europe,0.966,0.943,0.923,0.955,0.963,0.957,0.966,0.987,0.953,1.0,0.881,0.862,0.902,15.735,15.644,15.826,13.325,12.824,13.857,82.571,84.676,80.285,68805.067,54779.522,83234.296,11.139,10.911,11.329
Switzerland,2012,Europe,0.968,0.945,0.927,0.958,0.963,0.956,0.969,0.989,0.96,1.0,0.886,0.868,0.906,15.817,15.737,15.898,13.414,12.913,13.942,82.616,84.611,80.457,69805.014,57554.267,82383.856,11.153,10.96,11.319
Switzerland,2013,Europe,0.968,0.948,0.929,0.96,0.964,0.957,0.969,0.989,0.955,1.0,0.895,0.877,0.913,15.98,15.94,16.022,13.527,13.035,14.045,82.69,84.724,80.511,69539.149,55841.176,83574.294,11.15,10.93,11.333
Switzerland,2014,Europe,0.969,0.952,0.934,0.965,0.971,0.963,0.976,0.987,0.958,1.0,0.902,0.884,0.92,16.087,16.043,16.132,13.64,13.156,14.148,83.085,85.1,80.923,69019.261,56926.073,81388.329,11.142,10.95,11.307
Switzerland,2015,Europe,0.97,0.954,0.936,0.965,0.967,0.96,0.972,0.99,0.959,1.0,0.907,0.891,0.924,16.194,16.146,16.242,13.712,13.265,14.18,82.847,84.88,80.698,70410.268,57090.107,84012.486,11.162,10.952,11.339
Switzerland,2016,Europe,0.966,0.956,0.937,0.97,0.976,0.965,0.985,0.987,0.959,1.0,0.907,0.889,0.925,16.249,16.169,16.329,13.667,13.202,14.153,83.445,85.213,81.527,68993.425,57162.091,81047.783,11.142,10.954,11.303
Switzerland,2017,Europe,0.967,0.957,0.938,0.97,0.976,0.967,0.983,0.986,0.954,1.0,0.911,0.894,0.929,16.328,16.236,16.419,13.733,13.297,14.188,83.413,85.35,81.365,68167.803,55346.988,81208.233,11.13,10.921,11.305
Switzerland,2018,Europe,0.966,0.959,0.94,0.973,0.978,0.967,0.987,0.985,0.954,1.0,0.916,0.9,0.933,16.413,16.312,16.513,13.8,13.392,14.224,83.562,85.365,81.641,67771.655,55255.611,80497.01,11.124,10.92,11.296
Switzerland,2019,Europe,0.967,0.962,0.943,0.975,0.981,0.97,0.991,0.986,0.956,1.0,0.92,0.905,0.936,16.5,16.405,16.593,13.86,13.483,14.248,83.78,85.56,81.897,68432.683,56073.989,80992.33,11.134,10.934,11.302
Switzerland,2020,Europe,0.967,0.956,0.938,0.971,0.97,0.963,0.977,0.978,0.948,1.0,0.92,0.905,0.936,16.5,16.405,16.593,13.86,13.483,14.248,83.067,85.078,80.996,65011.217,53137.829,77069.116,11.082,10.881,11.252
Switzerland,2021,Europe,0.967,0.962,0.944,0.976,0.984,0.975,0.992,0.983,0.952,1.0,0.92,0.905,0.936,16.5,16.405,16.593,13.86,13.483,14.248,83.987,85.896,81.995,66933.005,54596.874,79450.51,11.111,10.908,11.283
United Kingdom,2000,Europe,0.974,0.862,0.849,0.872,0.89,0.888,0.89,0.896,0.85,0.933,0.804,0.811,0.797,16.096,16.378,15.819,10.699,10.68,10.718,77.853,80.194,75.378,37777.787,27852.557,48222.553,10.539,10.235,10.784
United Kingdom,2001,Europe,0.978,0.868,0.857,0.876,0.894,0.891,0.895,0.9,0.861,0.933,0.813,0.82,0.805,16.118,16.44,15.801,10.953,10.912,10.994,78.124,80.42,75.693,38719.046,29836.14,48056.189,10.564,10.303,10.78
United Kingdom,2002,Europe,0.975,0.873,0.86,0.882,0.896,0.893,0.898,0.904,0.861,0.94,0.821,0.829,0.813,16.106,16.456,15.757,11.207,11.143,11.27,78.241,80.516,75.846,39849.422,29884.921,50310.071,10.593,10.305,10.826
United Kingdom,2003,Europe,0.976,0.878,0.865,0.886,0.897,0.892,0.901,0.909,0.865,0.944,0.829,0.839,0.819,16.08,16.546,15.619,11.461,11.375,11.547,78.334,80.488,76.063,41064.692,30768.417,51857.963,10.623,10.334,10.856
United Kingdom,2004,Europe,0.977,0.889,0.877,0.898,0.906,0.901,0.91,0.912,0.871,0.945,0.85,0.86,0.843,16.543,17.048,16.045,11.714,11.606,11.921,78.905,81.059,76.625,41786.385,31890.01,52144.954,10.64,10.37,10.862
United Kingdom,2005,Europe,0.975,0.895,0.883,0.906,0.909,0.903,0.914,0.915,0.876,0.948,0.861,0.871,0.857,16.627,17.148,16.114,11.968,11.838,12.295,79.112,81.197,76.904,42785.243,32960.953,53053.141,10.664,10.403,10.879
United Kingdom,2006,Europe,0.977,0.894,0.883,0.904,0.913,0.907,0.917,0.916,0.876,0.949,0.854,0.866,0.848,16.061,16.614,15.518,12.248,12.124,12.521,79.355,81.478,77.114,43021.053,33106.903,53367.741,10.669,10.407,10.885
United Kingdom,2007,Europe,0.976,0.897,0.885,0.906,0.916,0.91,0.921,0.917,0.877,0.95,0.858,0.868,0.852,15.863,16.371,15.363,12.528,12.41,12.747,79.542,81.624,77.352,43316.412,33305.917,53748.316,10.676,10.413,10.892
United Kingdom,2008,Europe,0.974,0.9,0.887,0.911,0.918,0.91,0.924,0.914,0.873,0.947,0.87,0.88,0.863,15.967,16.428,15.511,12.808,12.696,12.972,79.665,81.679,77.55,42389.311,32264.308,52924.015,10.655,10.382,10.877
United Kingdom,2009,Europe,0.966,0.906,0.887,0.918,0.926,0.918,0.931,0.908,0.851,0.95,0.884,0.892,0.875,16.113,16.55,15.678,13.088,12.982,13.198,80.167,82.2,78.027,40680.058,27891.24,53966.647,10.613,10.236,10.896
United Kingdom,2010,Europe,0.964,0.912,0.892,0.925,0.929,0.921,0.936,0.911,0.855,0.953,0.895,0.903,0.887,16.363,16.749,15.978,13.213,13.119,13.309,80.401,82.342,78.357,41666.515,28761.783,55054.934,10.637,10.267,10.916
United Kingdom,2011,Europe,0.964,0.908,0.888,0.921,0.935,0.927,0.943,0.912,0.856,0.954,0.877,0.884,0.869,15.73,16.128,15.333,13.188,13.08,13.303,80.805,82.727,78.779,41872.234,28904.964,55306.952,10.642,10.272,10.921
United Kingdom,2012,Europe,0.965,0.909,0.89,0.923,0.936,0.926,0.946,0.911,0.857,0.952,0.88,0.888,0.872,15.673,16.052,15.297,13.339,13.271,13.408,80.866,82.673,78.967,41700.48,29123.885,54711.427,10.638,10.279,10.91
United Kingdom,2013,Europe,0.966,0.922,0.903,0.935,0.937,0.927,0.946,0.913,0.859,0.953,0.918,0.925,0.907,17.634,18.0,17.148,12.834,12.749,12.921,80.929,82.776,79.004,42026.763,29407.055,55062.691,10.646,10.289,10.916
United Kingdom,2014,Europe,0.98,0.924,0.914,0.933,0.941,0.931,0.95,0.917,0.885,0.944,0.915,0.927,0.904,17.486,17.949,17.024,12.889,12.838,12.941,81.16,82.992,79.252,43236.642,34946.731,51788.167,10.674,10.462,10.855
United Kingdom,2015,Europe,0.969,0.924,0.907,0.936,0.937,0.927,0.947,0.92,0.87,0.959,0.914,0.925,0.903,17.329,17.771,16.888,12.98,12.944,13.017,80.924,82.734,79.059,44136.35,31634.565,57014.886,10.695,10.362,10.951
United Kingdom,2016,Europe,0.97,0.927,0.91,0.939,0.94,0.929,0.949,0.922,0.872,0.96,0.919,0.932,0.907,17.414,17.876,16.953,13.071,13.05,13.092,81.075,82.88,79.214,44729.562,32181.0,57638.877,10.708,10.379,10.962
United Kingdom,2017,Europe,0.972,0.93,0.915,0.942,0.941,0.931,0.951,0.925,0.877,0.963,0.925,0.938,0.912,17.498,17.981,17.019,13.161,13.155,13.168,81.168,82.993,79.302,45771.002,33177.646,58710.627,10.731,10.41,10.98
United Kingdom,2018,Europe,0.972,0.929,0.914,0.94,0.94,0.93,0.95,0.927,0.879,0.964,0.921,0.934,0.907,17.248,17.737,16.763,13.243,13.253,13.232,81.125,82.951,79.266,46225.878,33633.786,59149.6,10.741,10.423,10.988
United Kingdom,2019,Europe,0.974,0.935,0.921,0.945,0.95,0.938,0.96,0.93,0.885,0.966,0.925,0.94,0.91,17.31,17.822,16.803,13.325,13.352,13.296,81.725,83.473,79.931,47251.769,35016.163,59797.063,10.763,10.464,10.999
United Kingdom,2020,Europe,0.987,0.924,0.917,0.929,0.93,0.922,0.937,0.914,0.886,0.938,0.928,0.943,0.912,17.31,17.822,16.803,13.406,13.45,13.361,80.435,82.448,78.432,42374.762,35208.754,49717.034,10.654,10.469,10.814
United Kingdom,2021,Europe,0.987,0.929,0.922,0.934,0.934,0.927,0.942,0.924,0.895,0.948,0.928,0.943,0.912,17.31,17.822,16.803,13.406,13.45,13.361,80.742,82.772,78.717,45224.766,37374.451,53264.939,10.719,10.529,10.883
United States,2000,America,0.989,0.891,0.889,0.899,0.874,0.876,0.871,0.94,0.899,0.973,0.861,0.892,0.857,15.447,16.656,15.183,12.964,12.887,13.051,76.811,79.43,74.12,50420.867,38515.496,62698.287,10.828,10.559,11.046
United States,2001,America,0.989,0.892,0.889,0.899,0.876,0.877,0.873,0.941,0.9,0.974,0.862,0.89,0.855,15.51,16.616,15.164,12.929,12.859,13.009,76.929,79.522,74.268,50701.403,38771.759,62995.09,10.834,10.565,11.051
United States,2002,America,0.989,0.893,0.889,0.899,0.877,0.878,0.875,0.942,0.901,0.974,0.862,0.888,0.853,15.573,16.576,15.144,12.894,12.831,12.966,77.001,79.59,74.351,50936.992,38970.061,63268.916,10.838,10.571,11.055
United States,2003,America,0.986,0.895,0.888,0.901,0.879,0.88,0.877,0.944,0.898,0.979,0.863,0.886,0.851,15.636,16.536,15.124,12.859,12.804,12.923,77.154,79.715,74.534,51602.263,38221.843,65392.576,10.851,10.551,11.088
United States,2004,America,0.985,0.898,0.891,0.904,0.886,0.886,0.884,0.948,0.902,0.984,0.864,0.884,0.849,15.699,16.495,15.105,12.825,12.776,12.88,77.558,80.075,74.972,53068.897,39290.233,67266.449,10.879,10.579,11.116
United States,2005,America,0.987,0.9,0.892,0.904,0.885,0.886,0.884,0.951,0.907,0.986,0.865,0.884,0.848,15.762,16.455,15.085,12.828,12.796,12.863,77.557,80.094,74.967,54305.126,40593.68,68428.758,10.902,10.611,11.134
United States,2006,America,0.988,0.904,0.897,0.908,0.89,0.89,0.889,0.955,0.911,0.99,0.87,0.889,0.851,15.81,16.503,15.134,12.912,12.912,12.912,77.839,80.361,75.26,55681.434,41735.505,70043.612,10.927,10.639,11.157
United States,2007,America,0.987,0.906,0.899,0.91,0.894,0.894,0.893,0.955,0.911,0.989,0.872,0.891,0.854,15.858,16.551,15.182,12.951,12.949,12.954,78.1,80.603,75.543,55542.573,41644.636,69855.105,10.925,10.637,11.154
United States,2008,America,0.987,0.906,0.899,0.91,0.895,0.895,0.895,0.951,0.908,0.985,0.875,0.894,0.856,15.907,16.599,15.23,12.99,12.986,12.995,78.196,80.649,75.693,54095.397,40873.322,67713.392,10.899,10.618,11.123
United States,2009,America,0.988,0.908,0.901,0.912,0.901,0.9,0.901,0.947,0.906,0.98,0.877,0.896,0.858,15.955,16.647,15.278,13.006,13.008,13.005,78.564,80.987,76.082,52795.106,40213.671,65755.276,10.874,10.602,11.094
United States,2010,America,0.988,0.911,0.904,0.915,0.904,0.903,0.905,0.951,0.911,0.983,0.88,0.899,0.86,16.003,16.695,15.327,13.052,13.064,13.039,78.772,81.166,76.325,54265.336,41693.074,67217.959,10.902,10.638,11.116
United States,2011,America,0.988,0.913,0.906,0.917,0.905,0.903,0.906,0.953,0.914,0.985,0.883,0.902,0.864,16.052,16.743,15.375,13.103,13.104,13.102,78.82,81.182,76.41,54949.548,42509.182,67754.885,10.914,10.657,11.124
United States,2012,America,0.987,0.916,0.909,0.92,0.907,0.905,0.908,0.957,0.917,0.99,0.885,0.904,0.867,16.1,16.791,15.423,13.141,13.137,13.147,78.944,81.31,76.54,56402.582,43188.9,69979.118,10.94,10.673,11.156
United States,2013,America,0.989,0.917,0.911,0.921,0.907,0.905,0.908,0.958,0.919,0.99,0.889,0.908,0.87,16.148,16.839,15.472,13.2,13.206,13.194,78.951,81.33,76.545,56904.624,43968.254,70173.34,10.949,10.691,11.159
United States,2014,America,0.99,0.919,0.913,0.923,0.908,0.906,0.909,0.962,0.924,0.993,0.889,0.91,0.87,16.15,16.853,15.463,13.225,13.247,13.201,79.018,81.414,76.604,58314.255,45275.139,71666.97,10.974,10.721,11.18
United States,2015,America,0.99,0.92,0.914,0.924,0.906,0.905,0.907,0.965,0.927,0.997,0.892,0.912,0.872,16.192,16.883,15.517,13.252,13.281,13.22,78.869,81.296,76.442,59682.878,46182.891,73487.446,10.997,10.74,11.205
United States,2016,America,0.989,0.922,0.916,0.926,0.905,0.905,0.905,0.966,0.928,0.997,0.897,0.915,0.879,16.274,16.887,15.675,13.343,13.379,13.304,78.848,81.357,76.352,59969.357,46536.115,73686.335,11.002,10.748,11.208
United States,2017,America,0.99,0.924,0.919,0.928,0.905,0.906,0.905,0.969,0.932,1.0,0.9,0.918,0.883,16.31,16.921,15.716,13.422,13.453,13.389,78.821,81.358,76.311,61186.463,47836.337,74800.448,11.022,10.776,11.223
United States,2018,America,0.992,0.927,0.922,0.929,0.908,0.908,0.907,0.973,0.936,1.0,0.902,0.921,0.884,16.283,16.91,15.674,13.502,13.528,13.473,78.99,81.54,76.473,62626.327,49097.44,76407.097,11.045,10.802,11.244
United States,2019,America,0.994,0.93,0.925,0.931,0.91,0.911,0.909,0.975,0.939,1.0,0.905,0.925,0.886,16.281,16.935,15.645,13.593,13.633,13.549,79.138,81.719,76.598,63614.864,50118.21,77349.524,11.061,10.822,11.256
United States,2020,America,0.997,0.92,0.918,0.921,0.883,0.889,0.879,0.97,0.936,0.998,0.908,0.928,0.889,16.281,16.935,15.645,13.683,13.738,13.625,77.414,80.308,74.642,61461.642,48968.03,74175.345,11.026,10.799,11.214
United States,2021,America,1.001,0.921,0.92,0.919,0.88,0.888,0.874,0.978,0.943,1.0,0.908,0.928,0.889,16.281,16.935,15.645,13.683,13.738,13.625,77.198,80.238,74.3,64765.215,51538.956,78238.214,11.079,10.85,11.268
Yemen,2000,Asia/Pacific,0.642,0.45,0.338,0.527,0.655,0.647,0.663,0.53,0.377,0.603,0.263,0.159,0.365,8.042,5.204,10.773,1.2,0.42,1.97,62.588,64.552,60.619,3334.373,1210.358,5423.474,8.112,7.099,8.598
Yemen,2001,Asia/Pacific,0.649,0.46,0.347,0.535,0.665,0.656,0.673,0.536,0.375,0.611,0.273,0.17,0.373,8.227,5.525,10.833,1.332,0.5,2.154,63.222,65.166,61.27,3466.027,1195.597,5697.092,8.151,7.086,8.648
Yemen,2002,Asia/Pacific,0.654,0.468,0.355,0.543,0.675,0.667,0.684,0.538,0.369,0.614,0.282,0.182,0.381,8.411,5.846,10.892,1.464,0.58,2.338,63.906,65.855,61.946,3516.399,1150.546,5839.123,8.165,7.048,8.672
Yemen,2003,Asia/Pacific,0.659,0.476,0.362,0.55,0.685,0.677,0.693,0.54,0.363,0.618,0.292,0.193,0.388,8.596,6.167,10.952,1.596,0.66,2.522,64.541,66.514,62.556,3576.926,1108.147,5998.594,8.182,7.01,8.699
Yemen,2004,Asia/Pacific,0.66,0.483,0.367,0.557,0.692,0.682,0.702,0.541,0.356,0.621,0.301,0.204,0.396,8.768,6.466,10.997,1.728,0.74,2.706,65.006,66.849,63.138,3593.508,1052.457,6083.971,8.187,6.959,8.713
Yemen,2005,Asia/Pacific,0.664,0.489,0.372,0.561,0.701,0.691,0.71,0.544,0.35,0.625,0.307,0.214,0.397,8.805,6.705,10.837,1.86,0.82,2.89,65.543,67.411,63.65,3673.873,1015.755,6277.009,8.209,6.923,8.745
Yemen,2006,Asia/Pacific,0.669,0.494,0.377,0.564,0.708,0.7,0.714,0.552,0.349,0.634,0.309,0.22,0.396,8.722,6.806,10.575,2.008,0.918,3.074,65.988,68.028,63.939,3858.421,1005.417,6650.568,8.258,6.913,8.802
Yemen,2007,Asia/Pacific,0.669,0.498,0.379,0.567,0.716,0.709,0.724,0.553,0.341,0.636,0.312,0.226,0.395,8.638,6.907,10.313,2.156,1.016,3.258,66.565,68.584,64.535,3886.051,953.029,6754.831,8.265,6.86,8.818
Yemen,2008,Asia/Pacific,0.668,0.501,0.38,0.568,0.723,0.713,0.731,0.553,0.331,0.638,0.314,0.232,0.394,8.555,7.009,10.05,2.304,1.114,3.442,66.963,68.867,65.037,3889.669,896.673,6815.325,8.266,6.799,8.827
Yemen,2009,Asia/Pacific,0.667,0.506,0.382,0.573,0.726,0.72,0.732,0.554,0.323,0.64,0.322,0.239,0.4,8.634,7.151,10.066,2.452,1.212,3.626,67.196,69.317,65.076,3925.036,849.563,6929.652,8.275,6.745,8.844
Yemen,2010,Asia/Pacific,0.674,0.51,0.388,0.576,0.727,0.721,0.733,0.553,0.328,0.639,0.329,0.246,0.407,8.712,7.294,10.081,2.6,1.31,3.81,67.28,69.397,65.165,3902.234,877.994,6855.441,8.269,6.778,8.833
Yemen,2011,Asia/Pacific,0.648,0.509,0.373,0.576,0.73,0.723,0.736,0.522,0.274,0.609,0.346,0.263,0.425,9.099,7.651,10.496,2.8,1.51,4.016,67.419,69.491,65.348,3161.13,612.141,5649.145,8.059,6.417,8.639
Yemen,2012,Asia/Pacific,0.636,0.512,0.368,0.579,0.728,0.722,0.735,0.521,0.257,0.611,0.353,0.27,0.432,9.099,7.651,10.496,3.0,1.71,4.222,67.343,69.414,65.275,3152.9,548.292,5694.159,8.056,6.307,8.647
Yemen,2013,Asia/Pacific,0.623,0.513,0.362,0.581,0.731,0.724,0.739,0.524,0.243,0.615,0.353,0.27,0.432,9.099,7.651,10.496,3.0,1.71,4.222,67.545,69.528,65.557,3212.652,500.61,5857.67,8.075,6.216,8.676
Yemen,2014,Asia/Pacific,0.595,0.505,0.341,0.574,0.729,0.722,0.736,0.502,0.204,0.594,0.353,0.27,0.432,9.099,7.651,10.496,3.0,1.71,4.222,67.384,69.442,65.334,2775.843,386.804,5104.951,7.929,5.958,8.538
Yemen,2015,Asia/Pacific,0.547,0.477,0.297,0.543,0.706,0.714,0.7,0.435,0.136,0.528,0.353,0.27,0.432,9.099,7.651,10.496,3.0,1.71,4.222,65.873,68.899,63.005,1785.789,245.239,3287.741,7.488,5.502,8.098
Yemen,2016,Asia/Pacific,0.514,0.467,0.275,0.534,0.709,0.714,0.705,0.408,0.108,0.501,0.353,0.27,0.432,9.099,7.651,10.496,3.0,1.71,4.222,66.064,68.941,63.32,1494.231,203.933,2752.636,7.309,5.318,7.92
Yemen,2017,Asia/Pacific,0.485,0.459,0.255,0.526,0.707,0.715,0.702,0.388,0.086,0.48,0.353,0.27,0.432,9.099,7.651,10.496,3.0,1.71,4.222,65.957,68.962,63.108,1302.425,177.153,2400.266,7.172,5.177,7.783
Yemen,2018,Asia/Pacific,0.5,0.459,0.261,0.522,0.686,0.709,0.668,0.392,0.091,0.485,0.359,0.276,0.439,9.099,7.651,10.496,3.2,1.91,4.428,64.575,68.601,60.902,1341.656,182.453,2473.522,7.202,5.206,7.813
Yemen,2019,Asia/Pacific,0.508,0.461,0.272,0.535,0.694,0.71,0.682,0.393,0.092,0.486,0.359,0.309,0.463,9.099,7.651,10.496,3.2,2.88,5.146,65.092,68.627,61.807,1349.567,183.634,2489.156,7.208,5.213,7.82
Yemen,2020,Asia/Pacific,0.509,0.46,0.273,0.535,0.687,0.698,0.679,0.395,0.094,0.488,0.359,0.309,0.463,9.099,7.651,10.496,3.2,2.88,5.146,64.65,67.885,61.636,1370.601,186.468,2528.767,7.223,5.228,7.835
Yemen,2021,Asia/Pacific,0.496,0.455,0.263,0.529,0.673,0.687,0.664,0.389,0.085,0.482,0.359,0.309,0.463,9.099,7.651,10.496,3.2,2.88,5.146,63.753,67.134,60.629,1314.27,176.059,2428.224,7.181,5.171,7.795
